Date,Season,Season_Time,Time,Home,Away,Home_Pts,Away_Pts,Odds_H,Odds_A,Over_Line,Odds_Over,Odds_Under,HA_Line,HA_Odds_H,HA_Odds_A
2021-09-09,2021,Nfl - Rodada 1,21:20,Tampa Bay Buccaneers,Dallas Cowboys,31.0,29.0,1.22,4.5,52.5,1.92,1.92,-10.0,2.0,1.8
2021-09-12,2021,Nfl - Rodada 1,14:00,Carolina Panthers,New York Jets,19.0,14.0,1.54,2.65,44.5,1.96,1.84,-4.0,2.0,1.82
2021-09-12,2021,Nfl - Rodada 1,14:00,Washington Commanders,Los Angeles Chargers,16.0,20.0,1.76,2.1,45.5,1.96,1.85,-2.5,1.95,1.85
2021-09-12,2021,Nfl - Rodada 1,14:00,Tennessee Titans,Arizona Cardinals,13.0,38.0,1.64,2.35,54.0,1.91,1.91,-3.0,1.95,1.85
2021-09-12,2021,Nfl - Rodada 1,14:00,Indianapolis Colts,Seattle Seahawks,16.0,28.0,2.3,1.66,49.0,1.91,1.91,2.0,2.0,1.74
2021-09-12,2021,Nfl - Rodada 1,14:00,Houston Texans,Jacksonville Jaguars,37.0,21.0,2.55,1.57,45.5,1.9,1.9,3.0,2.0,1.83
2021-09-12,2021,Nfl - Rodada 1,14:00,Cincinnati Bengals,Minnesota Vikings,27.0,24.0,2.3,1.66,47.0,1.91,1.91,2.0,2.0,1.73
2021-09-12,2021,Nfl - Rodada 1,14:00,Detroit Lions,San Francisco 49ers,33.0,41.0,4.25,1.23,46.0,1.91,1.91,8.5,1.83,1.83
2021-09-12,2021,Nfl - Rodada 1,14:00,Buffalo Bills,Pittsburgh Steelers,16.0,23.0,1.35,3.3,48.0,1.91,1.91,-7.0,2.0,1.73
2021-09-12,2021,Nfl - Rodada 1,14:00,Atlanta Falcons,Philadelphia Eagles,6.0,32.0,1.58,2.5,49.0,1.95,1.8,-5.0,2.0,1.73
2021-09-12,2021,Nfl - Rodada 1,17:25,New York Giants,Denver Broncos,13.0,27.0,2.25,1.68,41.5,1.92,1.92,2.0,1.95,1.75
2021-09-12,2021,Nfl - Rodada 1,17:25,New England Patriots,Miami Dolphins,16.0,17.0,1.57,2.55,43.0,1.91,1.91,-5.0,2.0,1.73
2021-09-12,2021,Nfl - Rodada 1,17:25,Kansas City Chiefs,Cleveland Browns,33.0,29.0,1.41,3.0,54.5,1.92,1.92,-6.0,2.0,1.8
2021-09-12,2021,Nfl - Rodada 1,21:20,Los Angeles Rams,Chicago Bears,34.0,14.0,1.23,4.25,46.0,1.91,1.91,-9.5,1.92,1.92
2021-09-12,2021,Nfl - Rodada 1,17:25,New Orleans Saints,Green Bay Packers,38.0,3.0,2.65,1.54,48.5,1.88,1.96,3.5,1.96,1.88
2021-09-16,2021,Nfl - Rodada 2,21:20,Washington Commanders,New York Giants,30.0,29.0,1.5,2.7,40.5,1.88,1.96,-4.5,2.0,1.73
2021-09-19,2021,Nfl - Rodada 2,14:00,Indianapolis Colts,Los Angeles Rams,24.0,27.0,2.7,1.5,47.5,1.88,1.96,3.5,2.0,1.8
2021-09-19,2021,Nfl - Rodada 2,14:00,Pittsburgh Steelers,Las Vegas Raiders,17.0,26.0,1.41,3.0,46.5,1.92,1.92,-6.0,1.9,1.9
2021-09-19,2021,Nfl - Rodada 2,14:00,Chicago Bears,Cincinnati Bengals,20.0,17.0,1.76,2.1,44.5,1.92,1.92,-2.5,1.83,1.83
2021-09-19,2021,Nfl - Rodada 2,14:00,Philadelphia Eagles,San Francisco 49ers,11.0,17.0,2.35,1.64,49.0,1.91,1.91,2.5,2.0,1.73
2021-09-19,2021,Nfl - Rodada 2,14:00,Miami Dolphins,Buffalo Bills,0.0,35.0,2.65,1.54,48.0,1.91,1.91,3.0,2.0,1.73
2021-09-19,2021,Nfl - Rodada 2,14:00,Cleveland Browns,Houston Texans,31.0,21.0,1.14,6.0,48.5,1.96,1.88,-14.5,2.0,1.73
2021-09-19,2021,Nfl - Rodada 2,21:20,Baltimore Ravens,Kansas City Chiefs,36.0,35.0,2.65,1.54,53.5,1.92,1.92,3.0,2.0,1.73
2021-09-19,2021,Nfl - Rodada 2,14:00,Carolina Panthers,New Orleans Saints,26.0,7.0,2.3,1.66,45.0,1.91,1.91,2.0,2.0,1.73
2021-09-19,2021,Nfl - Rodada 2,17:05,Arizona Cardinals,Minnesota Vikings,34.0,33.0,1.5,2.7,51.0,1.91,1.91,-4.5,2.0,1.73
2021-09-19,2021,Nfl - Rodada 2,17:25,Seattle Seahawks,Tennessee Titans,30.0,33.0,1.35,3.3,54.0,1.91,1.91,-7.0,2.0,1.73
2021-09-19,2021,Nfl - Rodada 2,17:25,Los Angeles Chargers,Dallas Cowboys,17.0,20.0,1.62,2.4,55.0,1.91,1.91,-4.0,2.0,1.73
2021-09-19,2021,Nfl - Rodada 2,17:05,Tampa Bay Buccaneers,Atlanta Falcons,48.0,25.0,1.12,6.5,52.0,1.91,1.91,-13.5,2.0,1.8
2021-09-19,2021,Nfl - Rodada 2,14:00,New York Jets,New England Patriots,6.0,25.0,3.0,1.41,43.0,1.91,1.91,4.5,2.0,1.73
2021-09-20,2021,Nfl - Rodada 2,21:15,Green Bay Packers,Detroit Lions,35.0,17.0,1.16,5.5,49.0,1.91,1.91,-13.5,2.0,1.67
2021-09-23,2021,Nfl - Rodada 3,21:20,Houston Texans,Carolina Panthers,9.0,24.0,4.25,1.23,43.0,1.91,1.91,7.5,2.0,1.73
2021-09-26,2021,Nfl - Rodada 3,14:00,Cleveland Browns,Chicago Bears,26.0,6.0,1.26,4.0,45.0,1.91,1.91,-8.5,2.0,1.73
2021-09-26,2021,Nfl - Rodada 3,14:00,New York Giants,Atlanta Falcons,14.0,17.0,1.68,2.25,48.0,1.91,1.91,-3.0,2.0,1.73
2021-09-26,2021,Nfl - Rodada 3,14:00,Jacksonville Jaguars,Arizona Cardinals,19.0,31.0,4.1,1.25,51.5,1.92,1.92,7.5,2.0,1.83
2021-09-26,2021,Nfl - Rodada 3,14:00,Pittsburgh Steelers,Cincinnati Bengals,10.0,24.0,1.68,2.25,42.5,1.92,1.92,-3.0,1.91,1.8
2021-09-26,2021,Nfl - Rodada 3,14:00,Tennessee Titans,Indianapolis Colts,25.0,16.0,1.45,2.8,47.0,1.91,1.91,-5.5,1.92,1.92
2021-09-26,2021,Nfl - Rodada 3,14:00,Detroit Lions,Baltimore Ravens,17.0,19.0,4.0,1.26,50.5,1.88,1.96,7.0,2.0,1.73
2021-09-26,2021,Nfl - Rodada 3,17:25,Los Angeles Rams,Tampa Bay Buccaneers,34.0,24.0,1.9,1.9,55.0,1.91,1.91,-1.5,2.0,1.73
2021-09-26,2021,Nfl - Rodada 3,14:00,Buffalo Bills,Washington Commanders,43.0,21.0,1.28,3.75,45.5,1.92,1.92,-8.5,2.0,1.73
2021-09-26,2021,Nfl - Rodada 3,17:05,Denver Broncos,New York Jets,26.0,0.0,1.16,5.5,41.5,1.92,1.92,-11.5,2.0,1.73
2021-09-26,2021,Nfl - Rodada 3,17:25,Minnesota Vikings,Seattle Seahawks,30.0,17.0,2.05,1.8,54.0,1.91,1.91,-0.5,2.0,1.73
2021-09-26,2021,Nfl - Rodada 3,14:00,Kansas City Chiefs,Los Angeles Chargers,24.0,30.0,1.33,3.4,54.5,1.92,1.92,-7.0,1.9,1.9
2021-09-26,2021,Nfl - Rodada 3,21:20,San Francisco 49ers,Green Bay Packers,28.0,30.0,1.57,2.55,50.5,1.92,1.92,-5.0,2.0,1.71
2021-09-27,2021,Nfl - Rodada 3,21:15,Dallas Cowboys,Philadelphia Eagles,41.0,21.0,1.54,2.65,51.5,1.92,1.92,-3.5,1.92,1.92
2021-09-30,2021,Nfl - Rodada 4,21:20,Cincinnati Bengals,Jacksonville Jaguars,24.0,21.0,1.29,3.7,45.5,1.88,1.96,-7.5,1.96,1.88
2021-10-03,2021,Nfl - Rodada 4,14:00,Dallas Cowboys,Carolina Panthers,36.0,28.0,1.47,2.75,51.5,1.92,1.92,-5.5,2.0,1.73
2021-10-03,2021,Nfl - Rodada 4,17:25,Denver Broncos,Baltimore Ravens,7.0,23.0,1.83,2.0,44.0,1.91,1.91,-2.5,2.0,1.73
2021-10-03,2021,Nfl - Rodada 4,17:25,Green Bay Packers,Pittsburgh Steelers,27.0,17.0,1.35,3.3,45.0,1.91,1.91,-7.0,2.0,1.73
2021-10-03,2021,Nfl - Rodada 4,17:05,Los Angeles Rams,Arizona Cardinals,20.0,37.0,1.47,2.75,54.0,1.91,1.91,-5.5,2.0,1.73
2021-10-03,2021,Nfl - Rodada 4,17:05,San Francisco 49ers,Seattle Seahawks,21.0,28.0,1.71,2.2,51.5,1.88,1.96,-3.0,2.0,1.73
2021-10-03,2021,Nfl - Rodada 4,14:00,Atlanta Falcons,Washington Commanders,30.0,34.0,2.1,1.76,47.5,1.92,1.92,1.5,2.0,1.73
2021-10-03,2021,Nfl - Rodada 4,14:00,Buffalo Bills,Houston Texans,40.0,0.0,1.05,11.0,47.0,1.89,1.92,-19.5,2.0,1.73
2021-10-03,2021,Nfl - Rodada 4,21:20,New England Patriots,Tampa Bay Buccaneers,17.0,19.0,3.3,1.35,49.5,1.92,1.92,5.5,2.0,1.73
2021-10-03,2021,Nfl - Rodada 4,14:00,Miami Dolphins,Indianapolis Colts,17.0,27.0,1.68,2.25,41.5,1.92,1.92,-3.0,2.0,1.73
2021-10-03,2021,Nfl - Rodada 4,14:00,Minnesota Vikings,Cleveland Browns,7.0,14.0,1.9,1.9,52.0,1.95,1.8,-1.5,2.0,1.73
2021-10-03,2021,Nfl - Rodada 4,14:00,New Orleans Saints,New York Giants,21.0,27.0,1.29,3.7,42.5,1.88,1.96,-7.5,2.0,1.73
2021-10-03,2021,Nfl - Rodada 4,14:00,New York Jets,Tennessee Titans,27.0,24.0,3.15,1.38,44.5,1.92,1.92,6.0,1.9,1.9
2021-10-03,2021,Nfl - Rodada 4,14:00,Philadelphia Eagles,Kansas City Chiefs,30.0,42.0,3.9,1.27,54.0,1.91,1.91,7.0,1.9,1.9
2021-10-03,2021,Nfl - Rodada 4,14:00,Chicago Bears,Detroit Lions,24.0,14.0,1.66,2.3,41.5,1.92,1.92,-3.0,1.9,1.9
2021-10-04,2021,Nfl - Rodada 4,21:15,Los Angeles Chargers,Las Vegas Raiders,28.0,14.0,1.58,2.5,51.5,1.92,1.92,-4.0,2.0,1.73
2021-10-07,2021,Nfl - Rodada 5,21:20,Seattle Seahawks,Los Angeles Rams,17.0,26.0,2.2,1.71,53.5,1.92,1.92,0.0,1.98,1.85
2021-10-10,2021,Nfl - Rodada 5,17:05,Los Angeles Chargers,Cleveland Browns,47.0,42.0,1.71,2.2,47.0,1.91,1.91,-3.0,2.0,1.73
2021-10-10,2021,Nfl - Rodada 5,14:00,Washington Commanders,New Orleans Saints,22.0,33.0,2.2,1.71,43.5,1.92,1.92,0.0,1.95,1.87
2021-10-10,2021,Nfl - Rodada 5,17:25,Arizona Cardinals,San Francisco 49ers,17.0,10.0,1.35,3.3,48.5,1.92,1.92,-6.0,1.91,1.91
2021-10-10,2021,Nfl - Rodada 5,17:25,Dallas Cowboys,New York Giants,44.0,20.0,1.29,3.7,52.5,1.92,1.92,-8.0,1.95,1.8
2021-10-10,2021,Nfl - Rodada 5,17:05,Las Vegas Raiders,Chicago Bears,9.0,20.0,1.4,3.05,45.5,1.88,1.96,-6.0,2.0,1.8
2021-10-10,2021,Nfl - Rodada 5,14:00,Carolina Panthers,Philadelphia Eagles,18.0,21.0,1.68,2.25,46.0,1.91,1.91,-3.0,1.9,1.9
2021-10-10,2021,Nfl - Rodada 5,21:20,Kansas City Chiefs,Buffalo Bills,20.0,38.0,1.68,2.25,56.5,1.92,1.92,-3.0,1.9,1.9
2021-10-10,2021,Nfl - Rodada 5,14:00,Houston Texans,New England Patriots,22.0,25.0,4.0,1.26,38.5,1.88,1.96,7.0,2.0,1.73
2021-10-10,2021,Nfl - Rodada 5,14:00,Jacksonville Jaguars,Tennessee Titans,19.0,37.0,2.75,1.47,48.5,1.88,1.96,3.5,2.0,1.73
2021-10-10,2021,Nfl - Rodada 5,14:00,Minnesota Vikings,Detroit Lions,19.0,17.0,1.22,4.5,49.5,1.92,1.92,-10.5,2.0,1.73
2021-10-10,2021,Nfl - Rodada 5,14:00,Pittsburgh Steelers,Denver Broncos,27.0,19.0,2.1,1.76,39.5,1.92,1.92,1.0,2.0,1.8
2021-10-10,2021,Nfl - Rodada 5,14:00,Tampa Bay Buccaneers,Miami Dolphins,45.0,17.0,1.16,5.5,47.5,1.92,1.92,-12.5,2.0,1.73
2021-10-10,2021,Nfl - Rodada 5,10:30,Atlanta Falcons,New York Jets,27.0,20.0,1.66,2.3,45.5,1.92,1.92,-3.0,1.9,1.9
2021-10-10,2021,Nfl - Rodada 5,14:00,Cincinnati Bengals,Green Bay Packers,22.0,25.0,2.1,1.76,50.0,1.91,1.91,1.5,2.0,1.73
2021-10-11,2021,Nfl - Rodada 5,21:15,Baltimore Ravens,Indianapolis Colts,31.0,25.0,1.27,3.8,46.5,1.92,1.92,-9.5,2.0,1.73
2021-10-14,2021,Nfl - Rodada 6,21:20,Philadelphia Eagles,Tampa Bay Buccaneers,22.0,28.0,3.45,1.32,53.0,1.91,1.91,6.0,1.95,1.8
2021-10-17,2021,Nfl - Rodada 6,10:30,Jacksonville Jaguars,Miami Dolphins,23.0,20.0,2.1,1.76,47.5,1.92,1.92,-0.5,2.0,1.73
2021-10-17,2021,Nfl - Rodada 6,14:00,New York Giants,Los Angeles Rams,11.0,38.0,3.8,1.27,49.0,1.91,1.91,7.0,1.95,1.8
2021-10-17,2021,Nfl - Rodada 6,14:00,Indianapolis Colts,Houston Texans,31.0,3.0,1.19,5.0,45.0,1.91,1.91,-12.5,2.0,1.73
2021-10-17,2021,Nfl - Rodada 6,14:00,Detroit Lions,Cincinnati Bengals,11.0,34.0,2.7,1.5,46.5,1.92,1.92,3.0,2.0,1.73
2021-10-17,2021,Nfl - Rodada 6,14:00,Chicago Bears,Green Bay Packers,14.0,24.0,2.9,1.43,44.0,1.91,1.91,4.5,2.0,1.73
2021-10-17,2021,Nfl - Rodada 6,14:00,Carolina Panthers,Minnesota Vikings,28.0,34.0,2.15,1.74,45.5,1.92,1.92,2.0,2.0,1.83
2021-10-17,2021,Nfl - Rodada 6,14:00,Baltimore Ravens,Los Angeles Chargers,34.0,6.0,1.62,2.4,51.0,1.91,1.91,-3.5,2.0,1.73
2021-10-17,2021,Nfl - Rodada 6,21:20,Pittsburgh Steelers,Seattle Seahawks,23.0,20.0,1.43,2.9,43.0,1.91,1.91,-6.0,2.0,1.8
2021-10-17,2021,Nfl - Rodada 6,17:25,New England Patriots,Dallas Cowboys,29.0,35.0,2.65,1.54,50.5,1.92,1.92,3.0,2.0,1.73
2021-10-17,2021,Nfl - Rodada 6,17:25,Denver Broncos,Las Vegas Raiders,24.0,34.0,1.45,2.8,44.5,1.88,1.96,-5.5,1.96,1.88
2021-10-17,2021,Nfl - Rodada 6,17:05,Cleveland Browns,Arizona Cardinals,14.0,37.0,1.68,2.25,48.0,1.91,1.91,-3.0,1.9,1.9
2021-10-17,2021,Nfl - Rodada 6,14:00,Washington Commanders,Kansas City Chiefs,13.0,31.0,3.4,1.33,54.0,1.91,1.91,5.5,2.0,1.73
2021-10-18,2021,Nfl - Rodada 6,21:15,Tennessee Titans,Buffalo Bills,34.0,31.0,3.2,1.37,53.5,1.91,1.91,5.5,2.0,1.73
2021-10-21,2021,Nfl - Rodada 7,21:20,Cleveland Browns,Denver Broncos,17.0,14.0,1.76,2.1,40.0,1.91,1.91,-2.5,1.96,1.88
2021-10-24,2021,Nfl - Rodada 7,14:00,Baltimore Ravens,Cincinnati Bengals,17.0,41.0,1.35,3.3,45.5,1.88,1.96,-6.5,1.96,1.88
2021-10-24,2021,Nfl - Rodada 7,14:00,Tennessee Titans,Kansas City Chiefs,27.0,3.0,2.7,1.5,58.5,1.92,1.92,3.5,2.0,1.73
2021-10-24,2021,Nfl - Rodada 7,14:00,New York Giants,Carolina Panthers,25.0,3.0,2.35,1.64,43.0,1.91,1.91,3.0,1.9,1.9
2021-10-24,2021,Nfl - Rodada 7,14:00,New England Patriots,New York Jets,54.0,13.0,1.3,3.65,42.5,1.92,1.92,-7.5,2.0,1.73
2021-10-24,2021,Nfl - Rodada 7,14:00,Miami Dolphins,Atlanta Falcons,28.0,30.0,2.05,1.8,47.5,1.92,1.92,0.0,1.95,1.87
2021-10-24,2021,Nfl - Rodada 7,14:00,Green Bay Packers,Washington Commanders,24.0,10.0,1.23,4.25,48.0,1.91,1.91,-9.5,1.91,1.8
2021-10-24,2021,Nfl - Rodada 7,17:05,Los Angeles Rams,Detroit Lions,28.0,19.0,1.07,9.5,51.0,1.91,1.91,-16.5,1.92,1.92
2021-10-24,2021,Nfl - Rodada 7,17:05,Las Vegas Raiders,Philadelphia Eagles,33.0,22.0,1.86,1.95,47.5,1.88,1.96,-2.5,1.96,1.88
2021-10-24,2021,Nfl - Rodada 7,17:25,Arizona Cardinals,Houston Texans,31.0,5.0,1.05,12.25,47.5,1.88,1.96,-20.0,1.91,1.91
2021-10-24,2021,Nfl - Rodada 7,21:20,San Francisco 49ers,Indianapolis Colts,18.0,30.0,1.57,2.55,41.5,1.92,1.92,-3.0,1.8,1.91
2021-10-24,2021,Nfl - Rodada 7,17:25,Tampa Bay Buccaneers,Chicago Bears,38.0,3.0,1.13,6.25,47.0,1.91,1.91,-13.5,2.0,1.73
2021-10-25,2021,Nfl - Rodada 7,21:15,Seattle Seahawks,New Orleans Saints,10.0,13.0,3.1,1.4,41.5,1.88,1.96,5.0,1.95,1.87
2021-10-28,2021,Nfl - Rodada 8,21:20,Arizona Cardinals,Green Bay Packers,21.0,24.0,1.35,3.3,50.5,1.96,1.88,-7.0,2.0,1.73
2021-10-31,2021,Nfl - Rodada 8,14:00,New York Jets,Cincinnati Bengals,34.0,31.0,5.25,1.18,43.0,1.91,1.91,10.5,2.0,1.73
2021-10-31,2021,Nfl - Rodada 8,21:20,Minnesota Vikings,Dallas Cowboys,16.0,20.0,1.47,2.75,48.5,1.88,1.96,-5.5,2.0,1.73
2021-10-31,2021,Nfl - Rodada 8,17:25,Denver Broncos,Washington Commanders,17.0,10.0,1.47,2.75,44.5,1.92,1.92,-4.5,2.0,1.73
2021-10-31,2021,Nfl - Rodada 8,17:25,New Orleans Saints,Tampa Bay Buccaneers,36.0,27.0,2.7,1.5,48.0,1.91,1.91,3.5,1.96,1.88
2021-10-31,2021,Nfl - Rodada 8,14:00,Chicago Bears,San Francisco 49ers,22.0,33.0,2.8,1.45,40.0,1.91,1.91,3.5,2.0,1.73
2021-10-31,2021,Nfl - Rodada 8,14:00,Indianapolis Colts,Tennessee Titans,31.0,34.0,1.64,2.35,51.0,1.91,1.91,-3.0,1.9,1.9
2021-10-31,2021,Nfl - Rodada 8,14:00,Atlanta Falcons,Carolina Panthers,13.0,19.0,1.76,2.1,47.0,1.91,1.91,-3.0,2.0,1.73
2021-10-31,2021,Nfl - Rodada 8,14:00,Cleveland Browns,Pittsburgh Steelers,10.0,15.0,1.44,2.85,43.0,1.91,1.91,-6.0,2.0,1.8
2021-10-31,2021,Nfl - Rodada 8,14:00,Houston Texans,Los Angeles Rams,22.0,38.0,9.0,1.07,47.0,1.95,1.8,15.5,2.0,1.73
2021-10-31,2021,Nfl - Rodada 8,14:00,Buffalo Bills,Miami Dolphins,26.0,11.0,1.08,8.5,48.5,1.92,1.92,-15.5,1.96,1.88
2021-10-31,2021,Nfl - Rodada 8,14:00,Detroit Lions,Philadelphia Eagles,6.0,44.0,2.45,1.6,48.0,1.91,1.91,3.0,2.0,1.83
2021-10-31,2021,Nfl - Rodada 8,17:05,Seattle Seahawks,Jacksonville Jaguars,31.0,7.0,1.5,2.7,44.5,1.92,1.92,-4.5,1.96,1.88
2021-10-31,2021,Nfl - Rodada 8,17:05,Los Angeles Chargers,New England Patriots,24.0,27.0,1.52,2.67,50.5,1.92,1.92,-4.5,2.0,1.73
2021-11-01,2021,Nfl - Rodada 8,21:15,Kansas City Chiefs,New York Giants,20.0,17.0,1.18,5.25,53.0,1.91,1.91,-11.5,2.0,1.73
2021-11-04,2021,Nfl - Rodada 9,21:20,Indianapolis Colts,New York Jets,45.0,30.0,1.2,4.75,45.5,1.92,1.92,-10.5,1.96,1.88
2021-11-07,2021,Nfl - Rodada 9,15:00,Cincinnati Bengals,Cleveland Browns,16.0,41.0,1.76,2.1,47.5,1.92,1.92,-2.5,1.8,1.91
2021-11-07,2021,Nfl - Rodada 9,15:00,New York Giants,Las Vegas Raiders,23.0,16.0,2.35,1.64,47.0,1.91,1.91,2.0,2.0,1.74
2021-11-07,2021,Nfl - Rodada 9,15:00,New Orleans Saints,Atlanta Falcons,25.0,27.0,1.33,3.4,42.5,1.88,1.96,-7.0,1.9,1.9
2021-11-07,2021,Nfl - Rodada 9,15:00,Jacksonville Jaguars,Buffalo Bills,9.0,6.0,8.5,1.08,48.5,1.9,1.9,14.0,2.0,1.8
2021-11-07,2021,Nfl - Rodada 9,15:00,Dallas Cowboys,Denver Broncos,16.0,30.0,1.2,4.75,50.0,1.91,1.91,-10.5,1.91,1.8
2021-11-07,2021,Nfl - Rodada 9,15:00,Miami Dolphins,Houston Texans,17.0,9.0,1.54,2.65,45.0,1.91,1.91,-5.5,2.0,1.73
2021-11-07,2021,Nfl - Rodada 9,15:00,Carolina Panthers,New England Patriots,6.0,24.0,2.6,1.55,41.5,1.92,1.92,3.0,2.0,1.73
2021-11-07,2021,Nfl - Rodada 9,15:00,Baltimore Ravens,Minnesota Vikings,34.0,31.0,1.33,3.4,51.0,1.91,1.91,-7.5,2.0,1.73
2021-11-07,2021,Nfl - Rodada 9,18:25,San Francisco 49ers,Arizona Cardinals,17.0,31.0,1.41,3.0,44.5,1.92,1.92,-6.0,2.0,1.8
2021-11-07,2021,Nfl - Rodada 9,18:25,Kansas City Chiefs,Green Bay Packers,13.0,7.0,1.28,3.75,48.0,1.91,1.91,-7.5,2.0,1.73
2021-11-07,2021,Nfl - Rodada 9,22:20,Los Angeles Rams,Tennessee Titans,16.0,28.0,1.27,3.8,52.5,1.88,1.96,-8.0,2.0,1.75
2021-11-07,2021,Nfl - Rodada 9,18:05,Philadelphia Eagles,Los Angeles Chargers,24.0,27.0,1.9,1.9,49.5,1.92,1.92,-1.0,1.95,1.8
2021-11-08,2021,Nfl - Rodada 9,22:15,Pittsburgh Steelers,Chicago Bears,29.0,27.0,1.32,3.5,40.0,1.91,1.91,-7.0,1.9,1.9
2021-11-11,2021,Nfl - Rodada 10,22:20,Miami Dolphins,Baltimore Ravens,22.0,10.0,4.2,1.25,46.5,1.88,1.96,7.5,2.0,1.73
2021-11-14,2021,Nfl - Rodada 10,15:00,Pittsburgh Steelers,Detroit Lions,16.0,16.0,1.4,3.1,40.5,1.92,1.92,-6.5,2.0,1.73
2021-11-14,2021,Nfl - Rodada 10,15:00,New York Jets,Buffalo Bills,17.0,45.0,6.5,1.12,47.5,1.88,1.92,12.5,2.0,1.73
2021-11-14,2021,Nfl - Rodada 10,15:00,New England Patriots,Cleveland Browns,45.0,7.0,1.71,2.2,44.5,1.88,1.96,-3.0,1.91,1.8
2021-11-14,2021,Nfl - Rodada 10,15:00,Indianapolis Colts,Jacksonville Jaguars,23.0,17.0,1.2,4.75,48.0,1.91,1.91,-12.5,2.0,1.73
2021-11-14,2021,Nfl - Rodada 10,15:00,Tennessee Titans,New Orleans Saints,23.0,21.0,1.64,2.35,42.5,1.92,1.92,-3.0,1.9,1.9
2021-11-14,2021,Nfl - Rodada 10,22:20,Las Vegas Raiders,Kansas City Chiefs,14.0,41.0,2.3,1.66,53.5,1.92,1.92,3.0,1.9,1.9
2021-11-14,2021,Nfl - Rodada 10,18:25,Green Bay Packers,Seattle Seahawks,17.0,0.0,1.55,2.6,48.5,1.9,1.9,-4.0,1.95,1.75
2021-11-14,2021,Nfl - Rodada 10,18:25,Denver Broncos,Philadelphia Eagles,13.0,30.0,1.9,1.9,44.5,1.92,1.92,-2.5,2.0,1.73
2021-11-14,2021,Nfl - Rodada 10,18:05,Arizona Cardinals,Carolina Panthers,10.0,34.0,1.3,3.65,41.5,1.92,1.92,-7.0,1.9,1.9
2021-11-14,2021,Nfl - Rodada 10,15:00,Washington Commanders,Tampa Bay Buccaneers,29.0,19.0,4.75,1.2,50.5,1.92,1.92,8.5,2.0,1.73
2021-11-14,2021,Nfl - Rodada 10,18:05,Los Angeles Chargers,Minnesota Vikings,20.0,27.0,1.55,2.6,53.5,1.92,1.92,-4.5,2.0,1.73
2021-11-14,2021,Nfl - Rodada 10,15:00,Dallas Cowboys,Atlanta Falcons,43.0,3.0,1.26,4.0,55.0,1.91,1.91,-9.5,2.0,1.73
2021-11-15,2021,Nfl - Rodada 10,22:15,San Francisco 49ers,Los Angeles Rams,31.0,10.0,2.6,1.55,49.5,1.88,1.96,3.0,2.0,1.73
2021-11-18,2021,Nfl - Rodada 11,22:20,Atlanta Falcons,New England Patriots,0.0,25.0,3.7,1.27,47.5,1.96,1.88,6.5,2.0,1.73
2021-11-21,2021,Nfl - Rodada 11,15:00,Minnesota Vikings,Green Bay Packers,34.0,31.0,2.0,1.8,47.0,1.91,1.91,-0.5,2.0,1.73
2021-11-21,2021,Nfl - Rodada 11,15:00,Jacksonville Jaguars,San Francisco 49ers,10.0,30.0,3.2,1.35,45.5,1.92,1.92,6.0,2.0,1.73
2021-11-21,2021,Nfl - Rodada 11,15:00,Chicago Bears,Baltimore Ravens,13.0,16.0,2.0,1.8,40.5,1.92,1.92,-0.5,2.0,1.73
2021-11-21,2021,Nfl - Rodada 11,15:00,New York Jets,Miami Dolphins,17.0,24.0,2.6,1.52,44.5,1.92,1.92,3.5,1.96,1.88
2021-11-21,2021,Nfl - Rodada 11,15:00,Philadelphia Eagles,New Orleans Saints,40.0,29.0,1.66,2.2,41.5,1.92,1.92,-3.5,1.96,1.88
2021-11-21,2021,Nfl - Rodada 11,15:00,Tennessee Titans,Houston Texans,13.0,22.0,1.2,4.6,44.5,1.92,1.92,-10.5,1.91,1.8
2021-11-21,2021,Nfl - Rodada 11,18:05,Las Vegas Raiders,Cincinnati Bengals,13.0,32.0,2.1,1.71,50.5,1.92,1.92,0.0,1.95,1.87
2021-11-21,2021,Nfl - Rodada 11,15:00,Carolina Panthers,Washington Commanders,21.0,27.0,1.58,2.4,43.0,1.91,1.91,-4.0,1.95,1.73
2021-11-21,2021,Nfl - Rodada 11,18:25,Seattle Seahawks,Arizona Cardinals,13.0,23.0,1.45,2.75,45.0,1.91,1.91,-5.5,2.0,1.73
2021-11-21,2021,Nfl - Rodada 11,18:25,Kansas City Chiefs,Dallas Cowboys,19.0,9.0,1.71,2.1,56.0,1.91,1.91,-3.0,1.95,1.77
2021-11-21,2021,Nfl - Rodada 11,22:20,Los Angeles Chargers,Pittsburgh Steelers,41.0,37.0,1.37,3.15,47.5,1.92,1.92,-7.0,2.0,1.8
2021-11-21,2021,Nfl - Rodada 11,15:00,Cleveland Browns,Detroit Lions,13.0,10.0,1.13,6.0,41.5,1.88,1.96,-14.0,2.0,1.8
2021-11-22,2021,Nfl - Rodada 11,22:15,Tampa Bay Buccaneers,New York Giants,30.0,10.0,1.18,4.9,50.0,1.91,1.91,-12.5,2.0,1.73
2021-11-25,2021,Nfl - Rodada 12,14:30,Detroit Lions,Chicago Bears,14.0,16.0,2.1,1.71,41.5,1.92,1.92,2.0,1.95,1.77
2021-11-25,2021,Nfl - Rodada 12,18:30,Dallas Cowboys,Las Vegas Raiders,33.0,36.0,1.3,3.5,50.5,1.88,1.96,-7.5,1.96,1.88
2021-11-25,2021,Nfl - Rodada 12,22:20,New Orleans Saints,Buffalo Bills,6.0,31.0,3.35,1.32,44.5,1.88,1.96,7.0,1.9,1.9
2021-11-28,2021,Nfl - Rodada 12,15:00,New England Patriots,Tennessee Titans,36.0,13.0,1.31,3.4,43.0,1.91,1.91,-8.0,2.0,1.75
2021-11-28,2021,Nfl - Rodada 12,15:00,New York Giants,Philadelphia Eagles,13.0,7.0,2.65,1.5,45.0,1.91,1.91,3.5,1.96,1.88
2021-11-28,2021,Nfl - Rodada 12,15:00,Houston Texans,New York Jets,14.0,21.0,1.64,2.25,44.5,1.92,1.92,-3.0,2.0,1.83
2021-11-28,2021,Nfl - Rodada 12,22:20,Baltimore Ravens,Cleveland Browns,16.0,10.0,1.62,2.3,47.5,1.92,1.92,-3.5,2.0,1.73
2021-11-28,2021,Nfl - Rodada 12,15:00,Jacksonville Jaguars,Atlanta Falcons,14.0,21.0,2.0,1.8,46.0,1.91,1.91,-1.5,2.0,1.73
2021-11-28,2021,Nfl - Rodada 12,18:25,Green Bay Packers,Los Angeles Rams,36.0,28.0,2.05,1.76,47.0,1.95,1.8,1.5,2.0,1.73
2021-11-28,2021,Nfl - Rodada 12,15:00,Miami Dolphins,Carolina Panthers,33.0,10.0,2.0,1.8,41.0,1.91,1.91,-0.5,2.0,1.73
2021-11-28,2021,Nfl - Rodada 12,15:00,Cincinnati Bengals,Pittsburgh Steelers,41.0,10.0,1.57,2.45,43.5,1.92,1.92,-4.5,2.0,1.73
2021-11-28,2021,Nfl - Rodada 12,18:05,Denver Broncos,Los Angeles Chargers,28.0,13.0,2.15,1.68,47.0,1.91,1.91,2.0,2.0,1.74
2021-11-28,2021,Nfl - Rodada 12,18:25,San Francisco 49ers,Minnesota Vikings,34.0,26.0,1.54,2.55,48.5,1.88,1.96,-4.5,2.0,1.8
2021-11-28,2021,Nfl - Rodada 12,15:00,Indianapolis Colts,Tampa Bay Buccaneers,31.0,38.0,2.3,1.62,53.0,1.91,1.91,2.0,1.95,1.75
2021-11-29,2021,Nfl - Rodada 12,22:15,Washington Commanders,Seattle Seahawks,17.0,15.0,2.05,1.76,46.5,1.92,1.92,0.0,1.94,1.87
2021-12-02,2021,Nfl - Rodada 13,22:20,New Orleans Saints,Dallas Cowboys,17.0,27.0,3.25,1.34,45.5,1.92,1.92,7.0,1.8,1.95
2021-12-05,2021,Nfl - Rodada 13,15:00,Chicago Bears,Arizona Cardinals,22.0,33.0,3.8,1.27,42.5,1.91,1.91,7.0,2.0,1.73
2021-12-05,2021,Nfl - Rodada 13,15:00,Miami Dolphins,New York Giants,20.0,9.0,1.34,3.25,40.0,1.91,1.91,-7.0,2.0,1.73
2021-12-05,2021,Nfl - Rodada 13,15:00,Atlanta Falcons,Tampa Bay Buccaneers,17.0,30.0,4.6,1.2,51.0,1.91,1.91,10.0,2.0,1.8
2021-12-05,2021,Nfl - Rodada 13,15:00,Cincinnati Bengals,Los Angeles Chargers,22.0,41.0,1.66,2.2,49.5,1.92,1.92,-3.0,1.91,1.91
2021-12-05,2021,Nfl - Rodada 13,18:25,Seattle Seahawks,San Francisco 49ers,30.0,23.0,2.15,1.68,44.5,1.88,1.96,2.0,2.0,1.73
2021-12-05,2021,Nfl - Rodada 13,15:00,Houston Texans,Indianapolis Colts,0.0,31.0,4.3,1.22,45.5,1.91,1.91,8.5,2.0,1.73
2021-12-05,2021,Nfl - Rodada 13,18:05,Las Vegas Raiders,Washington Commanders,15.0,17.0,1.76,2.05,47.5,1.92,1.92,-2.5,1.91,1.8
2021-12-05,2021,Nfl - Rodada 13,18:25,Pittsburgh Steelers,Baltimore Ravens,20.0,19.0,2.65,1.5,44.0,1.91,1.91,3.5,1.96,1.88
2021-12-05,2021,Nfl - Rodada 13,22:20,Kansas City Chiefs,Denver Broncos,22.0,9.0,1.25,4.0,46.5,1.92,1.92,-9.5,1.83,1.83
2021-12-05,2021,Nfl - Rodada 13,15:00,New York Jets,Philadelphia Eagles,18.0,33.0,2.75,1.45,44.0,1.91,1.91,3.5,2.0,1.73
2021-12-05,2021,Nfl - Rodada 13,18:05,Los Angeles Rams,Jacksonville Jaguars,37.0,7.0,1.12,6.25,48.0,1.91,1.91,-15.5,2.0,1.73
2021-12-06,2021,Nfl - Rodada 13,22:15,Buffalo Bills,New England Patriots,10.0,14.0,1.68,2.25,39.5,1.92,1.92,-3.0,1.9,1.9
2021-12-09,2021,Nfl - Rodada 14,22:20,Minnesota Vikings,Pittsburgh Steelers,36.0,28.0,1.57,2.55,44.5,1.88,1.96,-3.0,1.8,1.91
2021-12-12,2021,Nfl - Rodada 14,15:00,Kansas City Chiefs,Las Vegas Raiders,48.0,9.0,1.22,4.5,48.0,1.91,1.91,-10.0,2.0,1.8
2021-12-12,2021,Nfl - Rodada 14,15:00,Cleveland Browns,Baltimore Ravens,24.0,22.0,1.64,2.35,44.0,1.91,1.91,-3.0,1.9,1.9
2021-12-12,2021,Nfl - Rodada 14,15:00,Tennessee Titans,Jacksonville Jaguars,20.0,0.0,1.22,4.5,44.0,1.91,1.91,-9.5,1.91,1.8
2021-12-12,2021,Nfl - Rodada 14,15:00,Washington Commanders,Dallas Cowboys,20.0,27.0,3.3,1.35,48.0,1.91,1.91,6.0,2.0,1.73
2021-12-12,2021,Nfl - Rodada 14,15:00,Houston Texans,Seattle Seahawks,13.0,33.0,4.5,1.22,41.0,1.91,1.91,8.5,1.96,1.88
2021-12-12,2021,Nfl - Rodada 14,15:00,New York Jets,New Orleans Saints,9.0,30.0,2.75,1.47,41.5,1.88,1.96,3.5,2.0,1.73
2021-12-12,2021,Nfl - Rodada 14,15:00,Carolina Panthers,Atlanta Falcons,21.0,29.0,1.68,2.25,41.0,1.91,1.91,-3.0,1.91,1.8
2021-12-12,2021,Nfl - Rodada 14,18:05,Los Angeles Chargers,New York Giants,37.0,21.0,1.23,4.25,43.5,1.92,1.92,-9.5,1.83,1.83
2021-12-12,2021,Nfl - Rodada 14,18:25,Tampa Bay Buccaneers,Buffalo Bills,33.0,27.0,1.57,2.55,52.5,1.92,1.92,-4.5,2.0,1.73
2021-12-12,2021,Nfl - Rodada 14,18:25,Cincinnati Bengals,San Francisco 49ers,23.0,26.0,2.0,1.83,49.0,1.91,1.91,0.0,1.95,1.87
2021-12-12,2021,Nfl - Rodada 14,22:20,Green Bay Packers,Chicago Bears,45.0,30.0,1.14,6.0,43.0,1.91,1.91,-12.5,1.96,1.88
2021-12-12,2021,Nfl - Rodada 14,18:05,Denver Broncos,Detroit Lions,38.0,10.0,1.15,5.75,41.5,1.88,1.96,-13.5,2.0,1.73
2021-12-13,2021,Nfl - Rodada 14,22:15,Arizona Cardinals,Los Angeles Rams,23.0,30.0,1.57,2.55,51.0,1.91,1.91,-4.0,2.0,1.73
2021-12-16,2021,Nfl - Rodada 15,22:20,Los Angeles Chargers,Kansas City Chiefs,28.0,34.0,2.5,1.58,54.0,1.91,1.91,3.0,1.9,1.9
2021-12-18,2021,Nfl - Rodada 15,22:15,Indianapolis Colts,New England Patriots,27.0,17.0,1.83,2.0,46.5,1.92,1.92,-2.5,2.0,1.73
2021-12-19,2021,Nfl - Rodada 15,15:00,Jacksonville Jaguars,Houston Texans,16.0,30.0,1.37,3.2,40.0,1.91,1.91,-6.5,2.0,1.73
2021-12-19,2021,Nfl - Rodada 15,15:00,Detroit Lions,Arizona Cardinals,30.0,12.0,6.0,1.14,48.0,1.91,1.91,11.5,2.0,1.73
2021-12-19,2021,Nfl - Rodada 15,15:00,Pittsburgh Steelers,Tennessee Titans,19.0,13.0,1.8,2.05,44.0,1.91,1.91,-2.5,2.0,1.73
2021-12-19,2021,Nfl - Rodada 15,15:00,New York Giants,Dallas Cowboys,6.0,21.0,5.25,1.18,43.5,1.88,1.96,10.5,2.0,1.73
2021-12-19,2021,Nfl - Rodada 15,15:00,Miami Dolphins,New York Jets,31.0,24.0,1.22,4.5,42.0,1.91,1.91,-11.5,2.0,1.73
2021-12-19,2021,Nfl - Rodada 15,18:05,Denver Broncos,Cincinnati Bengals,10.0,15.0,1.68,2.25,44.0,1.91,1.91,-3.0,1.9,1.9
2021-12-19,2021,Nfl - Rodada 15,18:05,San Francisco 49ers,Atlanta Falcons,31.0,13.0,1.25,4.1,47.5,1.92,1.92,-10.5,2.0,1.73
2021-12-19,2021,Nfl - Rodada 15,18:25,Baltimore Ravens,Green Bay Packers,30.0,31.0,4.2,1.25,45.0,1.91,1.91,7.5,2.0,1.73
2021-12-19,2021,Nfl - Rodada 15,22:20,Tampa Bay Buccaneers,New Orleans Saints,0.0,9.0,1.16,5.5,45.5,1.92,1.92,-13.5,2.0,1.73
2021-12-19,2021,Nfl - Rodada 15,15:00,Buffalo Bills,Carolina Panthers,31.0,14.0,1.11,6.75,43.0,1.91,1.91,-15.5,2.0,1.73
2021-12-20,2021,Nfl - Rodada 15,19:00,Cleveland Browns,Las Vegas Raiders,14.0,16.0,2.3,1.66,41.5,1.92,1.92,0.0,1.93,1.89
2021-12-20,2021,Nfl - Rodada 15,22:15,Chicago Bears,Minnesota Vikings,9.0,17.0,3.6,1.31,47.0,1.91,1.91,6.5,2.0,1.73
2021-12-21,2021,Nfl - Rodada 15,21:00,Philadelphia Eagles,Washington Commanders,27.0,17.0,1.2,4.75,39.0,1.91,1.91,-10.0,1.9,1.9
2021-12-21,2021,Nfl - Rodada 15,21:00,Los Angeles Rams,Seattle Seahawks,20.0,10.0,1.27,3.8,47.0,1.91,1.91,-7.0,1.9,1.9
2021-12-23,2021,Nfl - Rodada 16,22:20,Tennessee Titans,San Francisco 49ers,20.0,17.0,2.55,1.57,45.5,1.88,1.96,0.0,1.91,1.91
2021-12-25,2021,Nfl - Rodada 16,18:30,Green Bay Packers,Cleveland Browns,24.0,22.0,1.22,4.5,46.5,1.88,1.96,-8.0,2.0,1.83
2021-12-25,2021,Nfl - Rodada 16,22:15,Arizona Cardinals,Indianapolis Colts,16.0,22.0,1.6,2.45,48.0,1.91,1.91,-4.0,1.95,1.75
2021-12-26,2021,Nfl - Rodada 16,15:00,New York Jets,Jacksonville Jaguars,26.0,21.0,1.74,2.15,43.0,1.91,1.91,-3.0,2.0,1.73
2021-12-26,2021,Nfl - Rodada 16,22:20,Dallas Cowboys,Washington Commanders,56.0,14.0,1.2,4.75,45.5,1.9,1.9,-11.5,2.0,1.73
2021-12-26,2021,Nfl - Rodada 16,18:25,Kansas City Chiefs,Pittsburgh Steelers,36.0,10.0,1.22,4.5,44.5,1.92,1.92,-11.5,2.0,1.73
2021-12-26,2021,Nfl - Rodada 16,18:05,Seattle Seahawks,Chicago Bears,24.0,25.0,1.31,3.6,41.0,1.91,1.91,-7.5,2.0,1.73
2021-12-26,2021,Nfl - Rodada 16,15:00,Atlanta Falcons,Detroit Lions,20.0,16.0,1.26,4.0,42.5,1.92,1.92,-8.5,2.0,1.73
2021-12-26,2021,Nfl - Rodada 16,15:00,Carolina Panthers,Tampa Bay Buccaneers,6.0,32.0,5.0,1.19,44.5,1.92,1.92,9.5,2.0,1.73
2021-12-26,2021,Nfl - Rodada 16,18:25,Las Vegas Raiders,Denver Broncos,17.0,13.0,1.9,1.9,41.5,1.92,1.92,-1.5,2.0,1.73
2021-12-26,2021,Nfl - Rodada 16,15:00,Houston Texans,Los Angeles Chargers,41.0,29.0,6.0,1.14,45.5,1.92,1.92,11.5,2.0,1.73
2021-12-26,2021,Nfl - Rodada 16,15:00,Minnesota Vikings,Los Angeles Rams,23.0,30.0,2.55,1.57,48.5,1.92,1.92,3.0,1.9,1.9
2021-12-26,2021,Nfl - Rodada 16,15:00,New England Patriots,Buffalo Bills,21.0,33.0,1.9,1.9,43.5,1.92,1.92,-2.5,2.0,1.73
2021-12-26,2021,Nfl - Rodada 16,15:00,Philadelphia Eagles,New York Giants,34.0,10.0,1.18,5.25,41.0,1.91,1.91,-12.5,2.0,1.73
2021-12-26,2021,Nfl - Rodada 16,15:00,Cincinnati Bengals,Baltimore Ravens,41.0,21.0,1.27,3.9,43.5,1.92,1.92,-8.0,2.0,1.75
2021-12-27,2021,Nfl - Rodada 16,22:15,New Orleans Saints,Miami Dolphins,3.0,20.0,2.45,1.6,37.5,1.92,1.92,3.0,1.9,1.9
2022-01-02,2022,Nfl - Rodada 17,15:00,New England Patriots,Jacksonville Jaguars,50.0,10.0,1.07,9.0,41.5,1.9,1.9,-18.5,2.0,1.73
2022-01-02,2022,Nfl - Rodada 17,15:00,New York Jets,Tampa Bay Buccaneers,24.0,28.0,6.75,1.11,47.5,1.92,1.92,13.5,2.0,1.73
2022-01-02,2022,Nfl - Rodada 17,18:05,Los Angeles Chargers,Denver Broncos,34.0,13.0,1.27,3.8,45.5,1.88,1.96,-9.5,2.0,1.73
2022-01-02,2022,Nfl - Rodada 17,15:00,Washington Commanders,Philadelphia Eagles,16.0,20.0,3.15,1.38,44.5,1.92,1.92,6.0,1.91,1.91
2022-01-02,2022,Nfl - Rodada 17,15:00,Buffalo Bills,Atlanta Falcons,29.0,15.0,1.09,8.0,46.0,1.91,1.91,-15.5,2.0,1.73
2022-01-02,2022,Nfl - Rodada 17,15:00,Cincinnati Bengals,Kansas City Chiefs,34.0,31.0,2.65,1.54,51.0,1.91,1.91,3.0,2.0,1.73
2022-01-02,2022,Nfl - Rodada 17,15:00,Tennessee Titans,Miami Dolphins,34.0,3.0,1.58,2.5,41.0,1.91,1.91,-3.5,2.0,1.73
2022-01-02,2022,Nfl - Rodada 17,15:00,Chicago Bears,New York Giants,29.0,3.0,1.34,3.35,36.5,1.92,1.92,-7.0,2.0,1.73
2022-01-02,2022,Nfl - Rodada 17,18:25,New Orleans Saints,Carolina Panthers,18.0,10.0,1.33,3.4,37.0,1.91,1.91,-7.0,1.9,1.9
2022-01-02,2022,Nfl - Rodada 17,15:00,Baltimore Ravens,Los Angeles Rams,19.0,20.0,3.6,1.31,46.5,1.92,1.92,7.0,1.9,1.9
2022-01-02,2022,Nfl - Rodada 17,18:05,San Francisco 49ers,Houston Texans,23.0,7.0,1.13,6.25,44.5,1.92,1.92,-14.5,2.0,1.73
2022-01-02,2022,Nfl - Rodada 17,18:25,Seattle Seahawks,Detroit Lions,51.0,29.0,1.26,4.0,41.5,1.92,1.92,-9.5,1.83,1.83
2022-01-02,2022,Nfl - Rodada 17,18:25,Dallas Cowboys,Arizona Cardinals,22.0,25.0,1.37,3.2,52.5,1.92,1.92,-6.5,1.96,1.88
2022-01-02,2022,Nfl - Rodada 17,22:20,Green Bay Packers,Minnesota Vikings,37.0,10.0,1.13,6.25,42.0,1.91,1.91,-13.5,2.0,1.73
2022-01-02,2022,Nfl - Rodada 17,15:00,Indianapolis Colts,Las Vegas Raiders,20.0,23.0,1.25,4.2,46.0,1.91,1.91,-9.5,2.0,1.73
2022-01-03,2022,Nfl - Rodada 17,22:15,Pittsburgh Steelers,Cleveland Browns,26.0,14.0,1.9,1.9,43.5,1.92,1.92,-17.0,1.91,1.91
2022-01-08,2022,Nfl - Rodada 18,18:30,Denver Broncos,Kansas City Chiefs,24.0,28.0,5.5,1.16,44.5,1.91,1.91,10.5,2.0,1.73
2022-01-08,2022,Nfl - Rodada 18,22:15,Philadelphia Eagles,Dallas Cowboys,26.0,51.0,3.25,1.36,46.5,1.92,1.92,5.5,2.0,1.73
2022-01-09,2022,Nfl - Rodada 18,15:00,Houston Texans,Tennessee Titans,25.0,28.0,5.5,1.16,42.5,1.91,1.91,10.0,2.0,1.8
2022-01-09,2022,Nfl - Rodada 18,15:00,Jacksonville Jaguars,Indianapolis Colts,26.0,11.0,7.5,1.1,43.0,1.91,1.91,14.0,1.9,1.9
2022-01-09,2022,Nfl - Rodada 18,15:00,Detroit Lions,Green Bay Packers,37.0,30.0,2.7,1.5,43.0,1.97,1.93,1.0,1.9,1.9
2022-01-09,2022,Nfl - Rodada 18,15:00,New York Giants,Washington Commanders,7.0,22.0,3.15,1.38,36.0,1.91,1.91,4.5,2.0,1.69
2022-01-09,2022,Nfl - Rodada 18,15:00,Baltimore Ravens,Pittsburgh Steelers,13.0,16.0,1.62,2.4,41.0,1.91,1.91,-3.5,2.0,1.73
2022-01-09,2022,Nfl - Rodada 18,15:00,Minnesota Vikings,Chicago Bears,31.0,17.0,1.54,2.65,44.5,1.92,1.92,-4.5,2.0,1.73
2022-01-09,2022,Nfl - Rodada 18,15:00,Cleveland Browns,Cincinnati Bengals,21.0,16.0,1.37,3.2,37.5,1.91,1.91,-7.0,2.0,1.73
2022-01-09,2022,Nfl - Rodada 18,18:25,Arizona Cardinals,Seattle Seahawks,30.0,38.0,1.42,2.95,48.5,1.92,1.92,-5.5,1.92,1.92
2022-01-09,2022,Nfl - Rodada 18,18:25,Tampa Bay Buccaneers,Carolina Panthers,41.0,17.0,1.19,5.0,42.5,1.92,1.92,-12.5,2.0,1.73
2022-01-09,2022,Nfl - Rodada 18,18:25,Miami Dolphins,New England Patriots,33.0,24.0,3.15,1.38,41.0,1.91,1.91,-17.0,1.91,1.91
2022-01-09,2022,Nfl - Rodada 18,18:25,Buffalo Bills,New York Jets,27.0,10.0,1.07,9.0,42.0,1.91,1.91,-16.5,1.91,1.8
2022-01-09,2022,Nfl - Rodada 18,18:25,Atlanta Falcons,New Orleans Saints,20.0,30.0,2.75,1.47,40.0,1.91,1.91,-17.0,1.91,1.91
2022-01-09,2022,Nfl - Rodada 18,18:25,Los Angeles Rams,San Francisco 49ers,24.0,27.0,1.58,2.5,46.5,1.92,1.92,-4.0,2.0,1.8
2022-01-09,2022,Nfl - Rodada 18,22:20,Las Vegas Raiders,Los Angeles Chargers,35.0,32.0,2.5,1.58,48.5,1.88,1.96,-17.0,1.91,1.91
2022-01-15,2022,Nfl - Playoffs - Oitavas De Final,18:30,Cincinnati Bengals,Las Vegas Raiders,26.0,19.0,1.37,3.2,48.5,1.92,1.92,-6.5,1.91,1.8
2022-01-15,2022,Nfl - Playoffs - Oitavas De Final,22:15,Buffalo Bills,New England Patriots,47.0,17.0,1.45,2.8,43.0,1.91,1.91,-5.5,2.0,1.73
2022-01-16,2022,Nfl - Playoffs - Oitavas De Final,22:15,Kansas City Chiefs,Pittsburgh Steelers,42.0,21.0,1.14,6.0,46.5,1.92,1.92,-13.5,2.0,1.73
2022-01-16,2022,Nfl - Playoffs - Oitavas De Final,15:00,Tampa Bay Buccaneers,Philadelphia Eagles,31.0,15.0,1.27,3.8,47.0,1.91,1.91,-8.0,2.0,1.8
2022-01-16,2022,Nfl - Playoffs - Oitavas De Final,18:30,Dallas Cowboys,San Francisco 49ers,17.0,23.0,1.55,2.6,51.0,1.91,1.91,-4.0,1.95,1.73
2022-01-17,2022,Nfl - Playoffs - Oitavas De Final,22:15,Los Angeles Rams,Arizona Cardinals,34.0,11.0,1.58,2.5,48.5,1.88,1.96,-3.0,1.8,2.0
2022-01-22,2022,Nfl - Playoffs - Quartas De Final,18:30,Tennessee Titans,Cincinnati Bengals,16.0,19.0,1.47,2.75,48.0,2.0,1.83,-4.5,1.96,1.88
2022-01-22,2022,Nfl - Playoffs - Quartas De Final,22:15,Green Bay Packers,San Francisco 49ers,10.0,13.0,1.37,3.2,47.0,1.88,1.93,-6.0,1.94,1.96
2022-01-23,2022,Nfl - Playoffs - Quartas De Final,17:00,Tampa Bay Buccaneers,Los Angeles Rams,27.0,30.0,1.66,2.3,48.0,1.89,1.92,-3.0,1.9,1.9
2022-01-23,2022,Nfl - Playoffs - Quartas De Final,20:30,Kansas City Chiefs,Buffalo Bills,42.0,36.0,1.74,2.15,54.0,1.96,1.94,-2.5,1.92,1.92
2022-01-30,2022,Nfl - Playoffs - Semifinais,20:30,Los Angeles Rams,San Francisco 49ers,20.0,17.0,1.55,2.6,45.5,1.88,1.96,-3.5,1.92,1.92
2022-01-30,2022,Nfl - Playoffs - Semifinais,17:00,Kansas City Chiefs,Cincinnati Bengals,24.0,27.0,1.29,3.7,54.5,1.92,1.92,-7.0,1.9,1.9
2022-02-06,2022,Nfl - All-Stars - Final,17:00,NFC,AFC,35.0,41.0,2.1,1.76,62.0,1.91,1.91,-1.0,1.95,1.87
2022-02-13,2022,Nfl - Playoffs - Final,20:30,Cincinnati Bengals,Los Angeles Rams,20.0,23.0,2.8,1.45,48.5,1.92,1.92,3.5,2.0,1.73
2022-10-02,2022,Nfl - Rodada 4,17:05,Carolina Panthers,Arizona Cardinals,16.0,26.0,1.86,1.95,44.0,1.91,1.91,-2.5,2.0,1.8
2022-10-02,2022,Nfl - Rodada 4,21:20,Tampa Bay Buccaneers,Kansas City Chiefs,31.0,41.0,1.76,2.1,47.0,1.91,1.91,-2.5,2.0,1.8
2022-10-02,2022,Nfl - Rodada 4,17:25,Green Bay Packers,New England Patriots,27.0,24.0,1.22,4.5,39.5,1.88,1.96,-10.5,2.0,1.73
2022-10-02,2022,Nfl - Rodada 4,17:25,Las Vegas Raiders,Denver Broncos,32.0,23.0,1.66,2.3,45.0,1.87,1.95,-3.0,1.91,1.8
2022-10-02,2022,Nfl - Rodada 4,14:00,Atlanta Falcons,Cleveland Browns,23.0,20.0,2.0,1.83,48.0,1.87,1.95,0.0,1.91,1.91
2022-10-02,2022,Nfl - Rodada 4,14:00,Houston Texans,Los Angeles Chargers,24.0,34.0,3.05,1.4,45.5,1.92,1.92,4.5,2.0,1.73
2022-10-02,2022,Nfl - Rodada 4,14:00,Dallas Cowboys,Washington Commanders,25.0,10.0,1.6,2.45,41.0,1.91,1.91,-3.5,2.0,1.73
2022-10-02,2022,Nfl - Rodada 4,14:00,Detroit Lions,Seattle Seahawks,45.0,48.0,1.55,2.6,48.5,1.92,1.92,-3.5,1.96,1.88
2022-10-02,2022,Nfl - Rodada 4,14:00,Baltimore Ravens,Buffalo Bills,20.0,23.0,2.5,1.58,50.0,1.93,1.93,3.0,2.0,1.81
2022-10-02,2022,Nfl - Rodada 4,14:00,Indianapolis Colts,Tennessee Titans,17.0,24.0,1.5,2.7,43.5,1.92,1.92,-5.5,2.0,1.73
2022-10-02,2022,Nfl - Rodada 4,14:00,New York Giants,Chicago Bears,20.0,12.0,1.66,2.3,38.5,1.92,1.92,-3.0,1.9,1.9
2022-10-03,2022,Nfl - Rodada 4,21:15,San Francisco 49ers,Los Angeles Rams,24.0,9.0,1.76,2.1,41.5,1.92,1.92,-2.5,2.0,1.83
2022-10-06,2022,Nfl - Rodada 5,21:15,Denver Broncos,Indianapolis Colts,9.0,12.0,1.57,2.55,41.5,1.92,1.92,-4.0,1.95,1.73
2022-10-09,2022,Nfl - Rodada 5,21:20,Baltimore Ravens,Cincinnati Bengals,19.0,17.0,1.6,2.45,47.5,1.92,1.92,-4.0,2.0,1.73
2022-10-09,2022,Nfl - Rodada 5,17:25,Arizona Cardinals,Philadelphia Eagles,17.0,20.0,2.95,1.42,48.5,1.92,1.92,4.5,2.0,1.73
2022-10-09,2022,Nfl - Rodada 5,14:00,Buffalo Bills,Pittsburgh Steelers,38.0,3.0,1.1,7.25,44.5,1.92,1.92,-14.5,2.0,1.73
2022-10-09,2022,Nfl - Rodada 5,14:00,Cleveland Browns,Los Angeles Chargers,28.0,30.0,2.05,1.8,46.5,1.92,1.92,0.5,2.0,1.83
2022-10-09,2022,Nfl - Rodada 5,14:00,Jacksonville Jaguars,Houston Texans,6.0,13.0,1.32,3.5,43.5,1.88,1.96,-7.5,2.0,1.67
2022-10-09,2022,Nfl - Rodada 5,17:05,Carolina Panthers,San Francisco 49ers,15.0,37.0,3.15,1.38,39.5,1.88,1.96,4.5,2.0,1.73
2022-10-09,2022,Nfl - Rodada 5,14:00,New Orleans Saints,Seattle Seahawks,39.0,32.0,1.42,2.95,44.5,1.92,1.92,-6.0,2.0,1.8
2022-10-09,2022,Nfl - Rodada 5,14:00,New York Jets,Miami Dolphins,40.0,17.0,2.5,1.58,45.5,1.92,1.92,3.0,2.0,1.83
2022-10-09,2022,Nfl - Rodada 5,14:00,Tampa Bay Buccaneers,Atlanta Falcons,21.0,15.0,1.19,5.0,46.0,1.91,1.91,-11.0,2.0,1.8
2022-10-09,2022,Nfl - Rodada 5,14:00,Washington Commanders,Tennessee Titans,17.0,21.0,1.95,1.86,42.5,1.88,1.96,-1.0,2.0,1.8
2022-10-09,2022,Nfl - Rodada 5,10:30,Green Bay Packers,New York Giants,22.0,27.0,1.23,4.25,41.5,1.92,1.92,-10.5,2.0,1.73
2022-10-09,2022,Nfl - Rodada 5,14:00,Minnesota Vikings,Chicago Bears,29.0,22.0,1.25,4.1,43.5,1.88,1.96,-9.5,1.91,1.8
2022-10-10,2022,Nfl - Rodada 5,21:15,Kansas City Chiefs,Las Vegas Raiders,30.0,29.0,1.29,3.7,50.5,1.88,1.96,-8.0,2.0,1.8
2022-10-13,2022,Nfl - Rodada 6,21:15,Chicago Bears,Washington Commanders,7.0,12.0,2.05,1.8,38.5,1.92,1.92,-0.5,2.0,1.83
2022-10-16,2022,Nfl - Rodada 6,14:00,Cleveland Browns,New England Patriots,15.0,38.0,1.66,2.3,42.5,1.88,1.96,-3.0,1.91,1.8
2022-10-16,2022,Nfl - Rodada 6,14:00,New Orleans Saints,Cincinnati Bengals,26.0,30.0,2.45,1.6,42.5,1.92,1.92,3.0,1.9,1.9
2022-10-16,2022,Nfl - Rodada 6,14:00,Miami Dolphins,Minnesota Vikings,16.0,24.0,2.5,1.58,45.0,1.91,1.91,3.0,2.0,1.83
2022-10-16,2022,Nfl - Rodada 6,14:00,Green Bay Packers,New York Jets,10.0,27.0,1.27,3.9,44.5,1.92,1.92,-9.5,2.0,1.67
2022-10-16,2022,Nfl - Rodada 6,17:25,Kansas City Chiefs,Buffalo Bills,20.0,24.0,2.3,1.66,54.5,1.92,1.92,2.5,1.96,1.88
2022-10-16,2022,Nfl - Rodada 6,21:20,Philadelphia Eagles,Dallas Cowboys,26.0,17.0,1.34,3.35,42.0,1.87,1.95,-7.0,1.9,1.9
2022-10-16,2022,Nfl - Rodada 6,17:05,Seattle Seahawks,Arizona Cardinals,19.0,9.0,2.15,1.74,50.5,1.92,1.92,2.0,2.0,1.83
2022-10-16,2022,Nfl - Rodada 6,17:05,Los Angeles Rams,Carolina Panthers,24.0,10.0,1.22,4.5,40.5,1.88,1.96,-10.5,2.0,1.73
2022-10-16,2022,Nfl - Rodada 6,14:00,New York Giants,Baltimore Ravens,24.0,20.0,3.0,1.41,45.5,1.92,1.92,4.5,2.0,1.73
2022-10-16,2022,Nfl - Rodada 6,14:00,Pittsburgh Steelers,Tampa Bay Buccaneers,20.0,18.0,4.5,1.22,45.5,1.87,1.94,8.5,2.0,1.73
2022-10-16,2022,Nfl - Rodada 6,14:00,Atlanta Falcons,San Francisco 49ers,28.0,14.0,2.65,1.54,45.5,1.92,1.92,3.5,1.92,1.92
2022-10-17,2022,Nfl - Rodada 6,21:15,Los Angeles Chargers,Denver Broncos,19.0,16.0,1.5,2.7,45.5,1.92,1.92,-4.5,2.0,1.73
2022-10-20,2022,Nfl - Rodada 7,21:15,Arizona Cardinals,New Orleans Saints,42.0,34.0,1.71,2.2,43.5,1.92,1.92,-2.5,1.92,1.92
2022-10-23,2022,Nfl - Rodada 7,17:05,Las Vegas Raiders,Houston Texans,38.0,20.0,1.31,3.55,45.5,1.88,1.96,-7.5,2.0,1.73
2022-10-23,2022,Nfl - Rodada 7,14:00,Baltimore Ravens,Cleveland Browns,23.0,20.0,1.35,3.3,46.5,1.92,1.92,-7.0,2.0,1.73
2022-10-23,2022,Nfl - Rodada 7,14:00,Tennessee Titans,Indianapolis Colts,19.0,10.0,1.68,2.25,42.5,1.92,1.92,-3.0,2.0,1.73
2022-10-23,2022,Nfl - Rodada 7,14:00,Dallas Cowboys,Detroit Lions,24.0,6.0,1.32,3.45,49.5,1.92,1.92,-7.5,2.0,1.73
2022-10-23,2022,Nfl - Rodada 7,14:00,Cincinnati Bengals,Atlanta Falcons,35.0,17.0,1.33,3.4,48.0,1.95,1.8,-7.0,2.0,1.73
2022-10-23,2022,Nfl - Rodada 7,14:00,Washington Commanders,Green Bay Packers,23.0,21.0,2.75,1.47,41.5,1.92,1.92,3.5,1.91,1.8
2022-10-23,2022,Nfl - Rodada 7,17:05,Denver Broncos,New York Jets,9.0,16.0,2.1,1.76,36.5,1.88,1.96,0.0,1.9,1.9
2022-10-23,2022,Nfl - Rodada 7,17:25,San Francisco 49ers,Kansas City Chiefs,23.0,44.0,1.95,1.86,48.5,1.9,1.9,-1.0,2.0,1.81
2022-10-23,2022,Nfl - Rodada 7,17:25,Los Angeles Chargers,Seattle Seahawks,23.0,37.0,1.44,2.85,50.5,1.88,1.96,-5.5,1.91,1.8
2022-10-23,2022,Nfl - Rodada 7,21:20,Miami Dolphins,Pittsburgh Steelers,16.0,10.0,1.29,3.7,44.5,1.92,1.92,-8.0,2.0,1.8
2022-10-23,2022,Nfl - Rodada 7,14:00,Carolina Panthers,Tampa Bay Buccaneers,21.0,3.0,6.25,1.13,38.5,1.92,1.92,11.5,2.0,1.73
2022-10-24,2022,Nfl - Rodada 7,21:15,New England Patriots,Chicago Bears,14.0,33.0,1.25,4.2,39.5,1.88,1.96,-9.5,2.0,1.73
2022-10-27,2022,Nfl - Rodada 8,21:15,Tampa Bay Buccaneers,Baltimore Ravens,22.0,27.0,1.76,2.1,46.5,1.92,1.92,-2.5,2.0,1.8
2022-10-30,2022,Nfl - Rodada 8,14:00,Minnesota Vikings,Arizona Cardinals,34.0,26.0,1.5,2.7,48.0,1.87,1.95,-4.5,2.0,1.73
2022-10-30,2022,Nfl - Rodada 8,17:25,Indianapolis Colts,Washington Commanders,16.0,17.0,1.66,2.3,40.0,1.91,1.91,-3.0,1.95,1.87
2022-10-30,2022,Nfl - Rodada 8,21:20,Buffalo Bills,Green Bay Packers,27.0,17.0,1.19,5.0,47.0,1.91,1.91,-11.5,2.0,1.73
2022-10-30,2022,Nfl - Rodada 8,17:25,Los Angeles Rams,San Francisco 49ers,14.0,31.0,1.86,1.95,42.0,1.91,1.91,-1.5,1.99,1.82
2022-10-30,2022,Nfl - Rodada 8,17:25,Seattle Seahawks,New York Giants,27.0,13.0,1.58,2.5,44.5,1.9,1.9,-4.0,1.95,1.73
2022-10-30,2022,Nfl - Rodada 8,10:30,Jacksonville Jaguars,Denver Broncos,17.0,21.0,1.83,2.0,40.5,1.9,1.9,-2.5,2.0,1.73
2022-10-30,2022,Nfl - Rodada 8,14:00,Detroit Lions,Miami Dolphins,27.0,31.0,2.65,1.54,51.5,1.9,1.9,3.0,2.0,1.73
2022-10-30,2022,Nfl - Rodada 8,14:00,New Orleans Saints,Las Vegas Raiders,24.0,0.0,2.0,1.83,48.5,1.9,1.9,1.0,1.91,1.91
2022-10-30,2022,Nfl - Rodada 8,14:00,Philadelphia Eagles,Pittsburgh Steelers,35.0,13.0,1.16,5.5,43.0,1.91,1.91,-12.5,2.0,1.73
2022-10-30,2022,Nfl - Rodada 8,14:00,Dallas Cowboys,Chicago Bears,49.0,29.0,1.23,4.25,42.0,1.87,1.95,-10.5,1.94,1.86
2022-10-30,2022,Nfl - Rodada 8,14:00,Atlanta Falcons,Carolina Panthers,37.0,34.0,1.5,2.7,41.0,1.91,1.91,-5.5,2.0,1.73
2022-10-30,2022,Nfl - Rodada 8,17:05,Houston Texans,Tennessee Titans,10.0,17.0,2.0,1.83,39.5,1.9,1.9,1.0,1.91,1.91
2022-10-30,2022,Nfl - Rodada 8,14:00,New York Jets,New England Patriots,17.0,22.0,2.4,1.62,40.0,1.91,1.91,2.5,2.0,1.73
2022-10-31,2022,Nfl - Rodada 8,21:15,Cleveland Browns,Cincinnati Bengals,32.0,13.0,2.5,1.58,45.0,1.91,1.91,3.0,2.0,1.83
2022-11-03,2022,Nfl - Rodada 9,21:15,Houston Texans,Philadelphia Eagles,17.0,29.0,6.5,1.12,45.0,1.91,1.91,13.5,1.92,1.94
2022-11-06,2022,Nfl - Rodada 9,15:00,Jacksonville Jaguars,Las Vegas Raiders,27.0,20.0,2.15,1.74,48.0,1.91,1.91,0.0,1.91,1.91
2022-11-06,2022,Nfl - Rodada 9,15:00,Cincinnati Bengals,Carolina Panthers,42.0,21.0,1.29,3.7,42.0,1.87,1.95,-7.5,1.91,1.8
2022-11-06,2022,Nfl - Rodada 9,15:00,New York Jets,Buffalo Bills,20.0,17.0,5.25,1.18,45.5,1.9,1.9,10.0,2.0,1.8
2022-11-06,2022,Nfl - Rodada 9,15:00,New England Patriots,Indianapolis Colts,26.0,3.0,1.43,2.9,40.0,1.91,1.91,-5.5,1.9,1.9
2022-11-06,2022,Nfl - Rodada 9,15:00,Detroit Lions,Green Bay Packers,15.0,9.0,2.7,1.5,49.0,1.87,1.95,3.5,2.0,1.73
2022-11-06,2022,Nfl - Rodada 9,15:00,Washington Commanders,Minnesota Vikings,17.0,20.0,2.5,1.58,43.5,1.9,1.9,3.0,1.9,1.9
2022-11-06,2022,Nfl - Rodada 9,15:00,Chicago Bears,Miami Dolphins,32.0,35.0,2.65,1.54,46.0,1.91,1.91,3.0,2.0,1.73
2022-11-06,2022,Nfl - Rodada 9,18:05,Arizona Cardinals,Seattle Seahawks,21.0,31.0,1.76,2.1,49.0,1.91,1.91,-2.5,2.0,1.83
2022-11-06,2022,Nfl - Rodada 9,18:25,Tampa Bay Buccaneers,Los Angeles Rams,16.0,13.0,1.62,2.4,42.5,1.9,1.9,-3.5,2.0,1.73
2022-11-06,2022,Nfl - Rodada 9,22:20,Kansas City Chiefs,Tennessee Titans,20.0,17.0,1.11,6.75,44.5,1.9,1.9,-14.5,2.0,1.73
2022-11-06,2022,Nfl - Rodada 9,15:00,Atlanta Falcons,Los Angeles Chargers,17.0,20.0,2.3,1.66,49.5,1.9,1.9,2.5,1.94,1.86
2022-11-07,2022,Nfl - Rodada 9,22:15,New Orleans Saints,Baltimore Ravens,13.0,27.0,2.1,1.76,45.5,1.9,1.9,0.0,1.95,1.87
2022-11-10,2022,Nfl - Rodada 10,22:15,Carolina Panthers,Atlanta Falcons,25.0,15.0,2.25,1.68,41.5,1.9,1.9,2.5,1.94,1.86
2022-11-13,2022,Nfl - Rodada 10,15:00,Chicago Bears,Detroit Lions,30.0,31.0,1.62,2.4,48.0,1.87,1.95,-3.5,2.0,1.73
2022-11-13,2022,Nfl - Rodada 10,15:00,Pittsburgh Steelers,New Orleans Saints,20.0,10.0,1.86,1.95,39.5,1.9,1.9,-2.5,2.0,1.73
2022-11-13,2022,Nfl - Rodada 10,15:00,New York Giants,Houston Texans,24.0,16.0,1.43,2.9,41.0,1.91,1.91,-6.5,2.0,1.67
2022-11-13,2022,Nfl - Rodada 10,15:00,Miami Dolphins,Cleveland Browns,39.0,17.0,1.58,2.5,49.0,1.87,1.95,-4.0,2.0,1.73
2022-11-13,2022,Nfl - Rodada 10,15:00,Kansas City Chiefs,Jacksonville Jaguars,27.0,17.0,1.22,4.5,51.5,1.9,1.9,-10.5,2.0,1.73
2022-11-13,2022,Nfl - Rodada 10,11:30,Tampa Bay Buccaneers,Seattle Seahawks,21.0,16.0,1.66,2.3,45.0,1.91,1.91,-3.0,1.91,1.8
2022-11-13,2022,Nfl - Rodada 10,15:00,Buffalo Bills,Minnesota Vikings,30.0,33.0,1.36,3.25,45.0,1.87,1.95,-7.0,2.0,1.73
2022-11-13,2022,Nfl - Rodada 10,18:25,Los Angeles Rams,Arizona Cardinals,17.0,27.0,1.55,2.6,38.0,1.91,1.91,-4.0,2.0,1.8
2022-11-13,2022,Nfl - Rodada 10,18:25,Green Bay Packers,Dallas Cowboys,31.0,28.0,2.7,1.5,44.5,1.9,1.9,3.5,1.9,1.9
2022-11-13,2022,Nfl - Rodada 10,22:20,San Francisco 49ers,Los Angeles Chargers,22.0,16.0,1.27,3.9,45.0,1.87,1.95,-9.5,2.0,1.73
2022-11-13,2022,Nfl - Rodada 10,18:05,Las Vegas Raiders,Indianapolis Colts,20.0,25.0,1.5,2.7,41.0,1.89,1.92,-4.5,2.0,1.73
2022-11-13,2022,Nfl - Rodada 10,15:00,Tennessee Titans,Denver Broncos,17.0,10.0,1.71,2.2,39.5,1.9,1.9,-2.5,1.9,1.9
2022-11-14,2022,Nfl - Rodada 10,22:15,Philadelphia Eagles,Washington Commanders,21.0,32.0,1.19,5.0,43.0,1.91,1.91,-12.5,2.0,1.73
2022-11-17,2022,Nfl - Rodada 11,22:15,Green Bay Packers,Tennessee Titans,17.0,27.0,1.58,2.5,40.5,1.9,1.9,-4.0,1.95,1.73
2022-11-20,2022,Nfl - Rodada 11,15:00,New York Giants,Detroit Lions,18.0,31.0,1.6,2.45,44.5,1.9,1.9,-4.0,2.0,1.73
2022-11-20,2022,Nfl - Rodada 11,15:00,Indianapolis Colts,Philadelphia Eagles,16.0,17.0,3.45,1.32,44.5,1.9,1.9,6.5,1.9,1.9
2022-11-20,2022,Nfl - Rodada 11,15:00,Buffalo Bills,Cleveland Browns,31.0,23.0,1.27,3.9,49.5,1.9,1.9,-9.5,2.0,1.73
2022-11-20,2022,Nfl - Rodada 11,15:00,New England Patriots,New York Jets,10.0,3.0,1.55,2.6,38.0,1.91,1.91,-3.5,1.94,1.86
2022-11-20,2022,Nfl - Rodada 11,15:00,New Orleans Saints,Los Angeles Rams,27.0,20.0,1.71,2.2,39.5,1.9,1.9,-2.5,1.9,1.9
2022-11-20,2022,Nfl - Rodada 11,15:00,Houston Texans,Washington Commanders,10.0,23.0,2.35,1.64,41.0,1.91,1.91,3.0,1.9,1.9
2022-11-20,2022,Nfl - Rodada 11,18:25,Minnesota Vikings,Dallas Cowboys,3.0,40.0,2.1,1.76,48.5,1.9,1.9,-0.5,2.0,1.73
2022-11-20,2022,Nfl - Rodada 11,15:00,Baltimore Ravens,Carolina Panthers,13.0,3.0,1.15,5.75,41.5,1.9,1.9,-13.5,2.0,1.73
2022-11-20,2022,Nfl - Rodada 11,18:05,Denver Broncos,Las Vegas Raiders,16.0,22.0,1.66,2.3,41.5,1.9,1.9,-3.0,1.91,1.8
2022-11-20,2022,Nfl - Rodada 11,22:20,Los Angeles Chargers,Kansas City Chiefs,27.0,30.0,2.95,1.42,52.5,1.9,1.9,4.5,1.9,1.9
2022-11-20,2022,Nfl - Rodada 11,15:00,Atlanta Falcons,Chicago Bears,27.0,24.0,1.76,2.1,48.5,1.9,1.9,-3.0,2.0,1.73
2022-11-20,2022,Nfl - Rodada 11,18:25,Pittsburgh Steelers,Cincinnati Bengals,30.0,37.0,2.6,1.55,39.5,1.9,1.9,3.5,1.9,1.9
2022-11-21,2022,Nfl - Rodada 11,22:15,Arizona Cardinals,San Francisco 49ers,10.0,38.0,4.5,1.22,43.0,1.91,1.91,8.5,1.91,1.8
2022-11-24,2022,Nfl - Rodada 12,22:20,Minnesota Vikings,New England Patriots,33.0,26.0,1.68,2.25,41.5,1.9,1.9,-3.0,1.95,1.77
2022-11-24,2022,Nfl - Rodada 12,14:30,Detroit Lions,Buffalo Bills,25.0,28.0,4.5,1.22,54.5,1.9,1.9,8.5,2.0,1.73
2022-11-24,2022,Nfl - Rodada 12,18:30,Dallas Cowboys,New York Giants,28.0,20.0,1.2,4.75,45.5,1.9,1.9,-11.0,2.0,1.8
2022-11-27,2022,Nfl - Rodada 12,15:00,Cleveland Browns,Tampa Bay Buccaneers,23.0,17.0,2.55,1.57,41.5,1.9,1.9,3.0,2.0,1.83
2022-11-27,2022,Nfl - Rodada 12,18:25,Kansas City Chiefs,Los Angeles Rams,26.0,10.0,1.07,9.0,41.5,1.9,1.9,-16.0,2.0,1.83
2022-11-27,2022,Nfl - Rodada 12,18:25,San Francisco 49ers,New Orleans Saints,13.0,0.0,1.23,4.25,43.5,1.9,1.9,-9.5,2.0,1.73
2022-11-27,2022,Nfl - Rodada 12,18:05,Arizona Cardinals,Los Angeles Chargers,24.0,25.0,2.25,1.68,48.5,1.9,1.9,2.5,1.99,1.82
2022-11-27,2022,Nfl - Rodada 12,18:05,Seattle Seahawks,Las Vegas Raiders,34.0,40.0,1.52,2.67,47.5,1.9,1.9,-4.5,1.91,1.8
2022-11-27,2022,Nfl - Rodada 12,15:00,Carolina Panthers,Denver Broncos,23.0,10.0,2.0,1.83,36.0,1.91,1.91,-1.0,2.0,1.8
2022-11-27,2022,Nfl - Rodada 12,15:00,Miami Dolphins,Houston Texans,30.0,15.0,1.1,7.25,47.5,1.9,1.9,-15.5,2.0,1.73
2022-11-27,2022,Nfl - Rodada 12,15:00,Jacksonville Jaguars,Baltimore Ravens,28.0,27.0,2.45,1.6,42.5,1.9,1.9,3.0,2.0,1.83
2022-11-27,2022,Nfl - Rodada 12,15:00,New York Jets,Chicago Bears,31.0,10.0,1.27,3.9,36.5,1.9,1.9,-8.5,2.0,1.73
2022-11-27,2022,Nfl - Rodada 12,22:20,Philadelphia Eagles,Green Bay Packers,40.0,33.0,1.35,3.3,46.0,1.91,1.91,-7.0,2.0,1.73
2022-11-27,2022,Nfl - Rodada 12,15:00,Tennessee Titans,Cincinnati Bengals,16.0,20.0,1.95,1.86,42.0,1.91,1.91,-1.5,1.91,1.8
2022-11-28,2022,Nfl - Rodada 12,22:15,Indianapolis Colts,Pittsburgh Steelers,17.0,24.0,1.71,2.2,39.5,1.9,1.9,-2.5,1.9,1.9
2022-12-01,2022,Nfl - Rodada 13,22:15,New England Patriots,Buffalo Bills,10.0,24.0,2.75,1.47,43.5,1.9,1.9,3.5,1.9,1.9
2022-12-04,2022,Nfl - Rodada 13,15:00,Houston Texans,Cleveland Browns,14.0,27.0,3.75,1.28,46.0,1.87,1.95,7.0,1.95,1.8
2022-12-04,2022,Nfl - Rodada 13,15:00,Minnesota Vikings,New York Jets,27.0,22.0,1.66,2.3,44.0,1.91,1.91,-3.0,1.9,1.9
2022-12-04,2022,Nfl - Rodada 13,18:25,Cincinnati Bengals,Kansas City Chiefs,27.0,24.0,2.25,1.68,53.0,1.91,1.91,2.5,1.94,1.86
2022-12-04,2022,Nfl - Rodada 13,15:00,Baltimore Ravens,Denver Broncos,10.0,9.0,1.27,3.9,40.0,1.91,1.91,-9.5,1.83,1.83
2022-12-04,2022,Nfl - Rodada 13,15:00,Detroit Lions,Jacksonville Jaguars,40.0,14.0,1.86,1.95,51.0,1.91,1.91,-2.5,1.91,1.8
2022-12-04,2022,Nfl - Rodada 13,15:00,New York Giants,Washington Commanders,20.0,20.0,2.2,1.71,40.5,1.9,1.9,1.5,1.91,1.8
2022-12-04,2022,Nfl - Rodada 13,15:00,Chicago Bears,Green Bay Packers,19.0,28.0,2.6,1.55,44.5,1.9,1.9,3.0,1.95,1.77
2022-12-04,2022,Nfl - Rodada 13,15:00,Philadelphia Eagles,Tennessee Titans,35.0,10.0,1.45,2.8,44.5,1.9,1.9,-5.5,2.0,1.73
2022-12-04,2022,Nfl - Rodada 13,15:00,Atlanta Falcons,Pittsburgh Steelers,16.0,19.0,2.05,1.8,43.0,1.91,1.91,-0.5,1.93,1.88
2022-12-04,2022,Nfl - Rodada 13,18:05,San Francisco 49ers,Miami Dolphins,33.0,17.0,1.42,2.95,45.0,1.87,1.95,-5.5,1.9,1.9
2022-12-04,2022,Nfl - Rodada 13,18:25,Las Vegas Raiders,Los Angeles Chargers,27.0,20.0,1.68,2.25,49.0,1.87,1.95,-3.0,1.95,1.77
2022-12-04,2022,Nfl - Rodada 13,22:20,Dallas Cowboys,Indianapolis Colts,54.0,19.0,1.18,5.25,44.5,1.9,1.9,-12.5,2.0,1.73
2022-12-04,2022,Nfl - Rodada 13,18:05,Los Angeles Rams,Seattle Seahawks,23.0,27.0,3.5,1.32,41.0,1.91,1.91,6.5,1.94,1.86
2022-12-05,2022,Nfl - Rodada 13,22:15,Tampa Bay Buccaneers,New Orleans Saints,17.0,16.0,1.57,2.55,40.5,1.9,1.9,-4.0,1.91,1.8
2022-12-08,2022,Nfl - Rodada 14,22:15,Los Angeles Rams,Las Vegas Raiders,17.0,16.0,3.25,1.36,42.0,1.91,1.91,5.5,2.0,1.73
2022-12-11,2022,Nfl - Rodada 14,15:00,Pittsburgh Steelers,Baltimore Ravens,14.0,16.0,1.77,2.1,37.0,1.97,1.83,-2.5,1.91,1.8
2022-12-11,2022,Nfl - Rodada 14,15:00,Tennessee Titans,Jacksonville Jaguars,22.0,36.0,1.57,2.55,41.5,1.9,1.9,-4.0,1.95,1.73
2022-12-11,2022,Nfl - Rodada 14,15:00,New York Giants,Philadelphia Eagles,22.0,48.0,3.7,1.29,44.5,1.9,1.9,7.0,1.95,1.87
2022-12-11,2022,Nfl - Rodada 14,15:00,Cincinnati Bengals,Cleveland Browns,23.0,10.0,1.48,2.75,46.0,1.91,1.91,-6.0,2.0,1.83
2022-12-11,2022,Nfl - Rodada 14,15:00,Dallas Cowboys,Houston Texans,27.0,23.0,1.05,12.5,44.0,1.91,1.91,-18.5,2.0,1.73
2022-12-11,2022,Nfl - Rodada 14,15:00,Detroit Lions,Minnesota Vikings,34.0,23.0,1.8,2.05,51.5,1.9,1.9,-2.5,1.8,1.91
2022-12-11,2022,Nfl - Rodada 14,15:00,Buffalo Bills,New York Jets,20.0,12.0,1.2,4.75,43.0,1.89,1.97,-11.5,2.0,1.73
2022-12-11,2022,Nfl - Rodada 14,18:05,Denver Broncos,Kansas City Chiefs,28.0,34.0,4.75,1.2,44.0,1.91,1.91,8.5,2.0,1.83
2022-12-11,2022,Nfl - Rodada 14,18:25,San Francisco 49ers,Tampa Bay Buccaneers,35.0,7.0,1.56,2.6,38.5,1.9,1.9,-4.5,2.0,1.73
2022-12-11,2022,Nfl - Rodada 14,22:20,Los Angeles Chargers,Miami Dolphins,23.0,17.0,2.5,1.59,53.0,1.87,1.94,3.0,1.93,1.92
2022-12-11,2022,Nfl - Rodada 14,18:25,Seattle Seahawks,Carolina Panthers,24.0,30.0,1.5,2.7,44.5,1.9,1.9,-4.5,1.94,1.86
2022-12-12,2022,Nfl - Rodada 14,22:15,Arizona Cardinals,New England Patriots,13.0,27.0,2.1,1.77,44.0,1.91,1.91,1.5,2.0,1.73
2022-12-15,2022,Nfl - Rodada 15,22:15,Seattle Seahawks,San Francisco 49ers,13.0,21.0,2.6,1.56,42.5,1.9,1.9,3.0,1.9,1.9
2022-12-17,2022,Nfl - Rodada 15,15:00,Minnesota Vikings,Indianapolis Colts,39.0,36.0,1.54,2.65,47.0,1.91,1.91,-4.5,2.0,1.73
2022-12-17,2022,Nfl - Rodada 15,18:30,Cleveland Browns,Baltimore Ravens,13.0,3.0,1.65,2.35,38.5,1.9,1.9,-3.0,1.9,1.9
2022-12-17,2022,Nfl - Rodada 15,22:15,Buffalo Bills,Miami Dolphins,32.0,29.0,1.29,3.75,44.5,1.9,1.9,-7.5,1.94,1.86
2022-12-18,2022,Nfl - Rodada 15,15:00,New York Jets,Detroit Lions,17.0,20.0,1.74,2.15,44.0,1.91,1.91,-2.5,1.9,1.9
2022-12-18,2022,Nfl - Rodada 15,15:00,Jacksonville Jaguars,Dallas Cowboys,40.0,34.0,2.67,1.52,48.0,1.91,1.91,3.0,2.0,1.73
2022-12-18,2022,Nfl - Rodada 15,15:00,Chicago Bears,Philadelphia Eagles,20.0,25.0,4.1,1.26,47.5,1.9,1.9,7.5,2.0,1.73
2022-12-18,2022,Nfl - Rodada 15,15:00,Houston Texans,Kansas City Chiefs,24.0,30.0,7.5,1.1,48.5,1.9,1.9,14.0,2.0,1.8
2022-12-18,2022,Nfl - Rodada 15,22:20,Washington Commanders,New York Giants,12.0,20.0,1.5,2.7,40.5,1.9,1.9,-4.5,2.0,1.73
2022-12-18,2022,Nfl - Rodada 15,18:05,Denver Broncos,Arizona Cardinals,24.0,15.0,1.77,2.1,37.0,1.91,1.91,-2.5,1.9,1.9
2022-12-18,2022,Nfl - Rodada 15,18:25,Tampa Bay Buccaneers,Cincinnati Bengals,23.0,34.0,2.5,1.59,47.0,1.91,1.91,3.0,1.95,1.77
2022-12-18,2022,Nfl - Rodada 15,18:25,Los Angeles Chargers,Tennessee Titans,17.0,14.0,1.65,2.35,46.0,1.87,1.95,-3.0,2.0,1.8
2022-12-18,2022,Nfl - Rodada 15,15:00,Carolina Panthers,Pittsburgh Steelers,16.0,24.0,1.67,2.3,37.5,1.94,1.86,-3.0,2.0,1.73
2022-12-18,2022,Nfl - Rodada 15,18:05,Las Vegas Raiders,New England Patriots,30.0,24.0,1.74,2.15,45.5,1.9,1.9,-3.0,2.0,1.73
2022-12-18,2022,Nfl - Rodada 15,15:00,New Orleans Saints,Atlanta Falcons,21.0,18.0,1.42,3.0,43.5,1.9,1.9,-6.5,2.0,1.73
2022-12-19,2022,Nfl - Rodada 15,22:15,Green Bay Packers,Los Angeles Rams,24.0,12.0,1.27,3.9,39.0,1.87,1.95,-8.5,2.0,1.73
2022-12-22,2022,Nfl - Rodada 16,22:15,New York Jets,Jacksonville Jaguars,3.0,19.0,1.69,2.25,36.5,1.9,1.9,-3.0,2.0,1.73
2022-12-24,2022,Nfl - Rodada 16,15:00,Minnesota Vikings,New York Giants,27.0,24.0,1.45,2.8,48.0,1.91,1.91,-5.5,2.0,1.73
2022-12-24,2022,Nfl - Rodada 16,15:00,Kansas City Chiefs,Seattle Seahawks,24.0,10.0,1.19,5.0,50.5,1.9,1.9,-11.0,2.0,1.83
2022-12-24,2022,Nfl - Rodada 16,15:00,Cleveland Browns,New Orleans Saints,10.0,17.0,1.57,2.55,32.0,1.91,1.91,-3.0,1.83,2.0
2022-12-24,2022,Nfl - Rodada 16,15:00,Chicago Bears,Buffalo Bills,13.0,35.0,4.25,1.24,40.5,1.9,1.9,7.5,2.0,1.73
2022-12-24,2022,Nfl - Rodada 16,15:00,Carolina Panthers,Detroit Lions,37.0,23.0,2.15,1.74,43.5,1.9,1.9,1.5,2.0,1.73
2022-12-24,2022,Nfl - Rodada 16,15:00,Baltimore Ravens,Atlanta Falcons,17.0,9.0,1.36,3.3,34.5,1.9,1.9,-7.0,2.0,1.73
2022-12-24,2022,Nfl - Rodada 16,18:25,Dallas Cowboys,Philadelphia Eagles,40.0,34.0,1.5,2.7,47.5,1.9,1.9,-4.5,1.91,1.8
2022-12-24,2022,Nfl - Rodada 16,22:15,Pittsburgh Steelers,Las Vegas Raiders,13.0,10.0,1.71,2.2,38.0,1.91,1.91,-3.0,2.0,1.73
2022-12-24,2022,Nfl - Rodada 16,15:00,New England Patriots,Cincinnati Bengals,18.0,22.0,2.4,1.63,41.5,1.9,1.9,3.0,1.9,1.9
2022-12-25,2022,Nfl - Rodada 16,18:30,Los Angeles Rams,Denver Broncos,51.0,14.0,2.55,1.57,36.0,1.91,1.91,0.0,1.87,1.95
2022-12-25,2022,Nfl - Rodada 16,22:20,Arizona Cardinals,Tampa Bay Buccaneers,16.0,19.0,4.0,1.26,41.5,1.9,1.9,7.0,2.0,1.8
2022-12-25,2022,Nfl - Rodada 16,15:00,Miami Dolphins,Green Bay Packers,20.0,26.0,1.56,2.6,49.5,1.9,1.9,-4.5,2.0,1.73
2022-12-26,2022,Nfl - Rodada 16,22:15,Indianapolis Colts,Los Angeles Chargers,3.0,20.0,2.7,1.5,44.5,1.9,1.9,3.0,2.0,1.73
2022-12-29,2022,Nfl - Rodada 17,22:15,Tennessee Titans,Dallas Cowboys,13.0,27.0,6.75,1.12,40.5,1.9,1.9,13.0,2.0,1.8
2023-01-01,2023,Nfl - Rodada 17,15:00,New England Patriots,Miami Dolphins,23.0,21.0,1.61,2.45,41.5,1.9,1.9,-3.5,1.99,1.82
2023-01-01,2023,Nfl - Rodada 17,15:00,Washington Commanders,Cleveland Browns,10.0,24.0,1.8,2.05,41.5,1.9,1.9,-2.5,2.0,1.73
2023-01-01,2023,Nfl - Rodada 17,15:00,Tampa Bay Buccaneers,Carolina Panthers,30.0,24.0,1.56,2.6,40.5,1.9,1.9,-4.5,2.0,1.73
2023-01-01,2023,Nfl - Rodada 17,15:00,Detroit Lions,Chicago Bears,41.0,10.0,1.48,2.75,52.5,1.9,1.9,-5.0,2.0,1.83
2023-01-01,2023,Nfl - Rodada 17,15:00,Philadelphia Eagles,New Orleans Saints,10.0,20.0,1.45,2.8,41.5,1.9,1.9,-5.5,2.0,1.73
2023-01-01,2023,Nfl - Rodada 17,15:00,Kansas City Chiefs,Denver Broncos,27.0,24.0,1.13,6.5,45.0,1.87,1.95,-13.5,2.0,1.73
2023-01-01,2023,Nfl - Rodada 17,18:05,Seattle Seahawks,New York Jets,23.0,6.0,2.05,1.8,43.0,1.96,1.85,0.0,2.0,1.82
2023-01-01,2023,Nfl - Rodada 17,15:00,New York Giants,Indianapolis Colts,38.0,10.0,1.41,3.05,38.5,1.9,1.9,-6.0,1.97,1.83
2023-01-01,2023,Nfl - Rodada 17,15:00,Atlanta Falcons,Arizona Cardinals,20.0,19.0,1.33,3.4,41.0,1.95,1.8,-7.5,2.0,1.73
2023-01-01,2023,Nfl - Rodada 17,18:05,Las Vegas Raiders,San Francisco 49ers,34.0,37.0,4.75,1.2,41.0,1.91,1.91,9.0,1.94,1.87
2023-01-01,2023,Nfl - Rodada 17,18:25,Green Bay Packers,Minnesota Vikings,41.0,17.0,1.5,2.7,47.5,1.9,1.9,-3.5,1.94,1.86
2023-01-01,2023,Nfl - Rodada 17,22:20,Baltimore Ravens,Pittsburgh Steelers,13.0,16.0,1.87,1.95,35.0,1.87,1.95,-2.5,2.0,1.73
2023-01-01,2023,Nfl - Rodada 17,15:00,Houston Texans,Jacksonville Jaguars,3.0,31.0,2.65,1.54,42.5,1.87,1.95,3.0,2.0,1.73
2023-01-07,2023,Nfl - Rodada 18,18:30,Las Vegas Raiders,Kansas City Chiefs,13.0,31.0,4.25,1.24,52.0,1.91,1.91,8.0,2.0,1.83
2023-01-07,2023,Nfl - Rodada 18,22:15,Jacksonville Jaguars,Tennessee Titans,20.0,16.0,1.36,3.25,39.5,1.9,1.9,-6.5,2.0,1.73
2023-01-08,2023,Nfl - Rodada 18,15:00,Buffalo Bills,New England Patriots,35.0,23.0,1.26,4.0,44.0,1.91,1.91,-9.5,1.91,1.8
2023-01-08,2023,Nfl - Rodada 18,15:00,Pittsburgh Steelers,Cleveland Browns,28.0,14.0,1.69,2.25,39.0,1.87,1.95,-3.0,2.0,1.73
2023-01-08,2023,Nfl - Rodada 18,15:00,New Orleans Saints,Carolina Panthers,7.0,10.0,1.56,2.6,41.5,1.9,1.9,-4.0,2.0,1.8
2023-01-08,2023,Nfl - Rodada 18,15:00,Miami Dolphins,New York Jets,11.0,6.0,1.48,2.75,37.0,1.91,1.91,-4.5,2.0,1.73
2023-01-08,2023,Nfl - Rodada 18,15:00,Cincinnati Bengals,Baltimore Ravens,27.0,16.0,1.13,6.25,39.0,1.91,1.91,-13.5,2.0,1.73
2023-01-08,2023,Nfl - Rodada 18,15:00,Chicago Bears,Minnesota Vikings,13.0,29.0,3.3,1.36,42.5,1.9,1.9,6.0,2.0,1.8
2023-01-08,2023,Nfl - Rodada 18,15:00,Indianapolis Colts,Houston Texans,31.0,32.0,1.65,2.35,37.5,1.9,1.9,-3.0,1.9,1.9
2023-01-08,2023,Nfl - Rodada 18,15:00,Atlanta Falcons,Tampa Bay Buccaneers,30.0,17.0,1.38,3.15,40.5,1.9,1.9,-6.5,2.0,1.73
2023-01-08,2023,Nfl - Rodada 18,18:25,Washington Commanders,Dallas Cowboys,26.0,6.0,3.75,1.29,41.0,1.91,1.91,7.0,2.0,1.83
2023-01-08,2023,Nfl - Rodada 18,18:25,Seattle Seahawks,Los Angeles Rams,19.0,16.0,1.45,2.8,42.0,1.87,1.95,-5.5,1.92,1.88
2023-01-08,2023,Nfl - Rodada 18,18:25,San Francisco 49ers,Arizona Cardinals,38.0,13.0,1.08,8.5,40.0,1.91,1.91,-15.5,2.0,1.73
2023-01-08,2023,Nfl - Rodada 18,18:25,Denver Broncos,Los Angeles Chargers,31.0,28.0,1.36,3.3,38.5,1.88,1.92,-6.5,1.9,1.9
2023-01-08,2023,Nfl - Rodada 18,22:20,Green Bay Packers,Detroit Lions,16.0,20.0,1.43,2.95,48.5,1.9,1.9,-6.0,2.0,1.73
2023-01-08,2023,Nfl - Rodada 18,18:25,Philadelphia Eagles,New York Giants,22.0,16.0,1.06,10.5,42.5,1.9,1.9,-17.5,2.0,1.73
2023-01-14,2023,Nfl - Playoffs - Oitavas De Final,18:30,San Francisco 49ers,Seattle Seahawks,41.0,23.0,1.22,4.5,42.0,1.91,1.91,-10.5,2.0,1.73
2023-01-14,2023,Nfl - Playoffs - Oitavas De Final,22:15,Jacksonville Jaguars,Los Angeles Chargers,31.0,30.0,2.15,1.74,46.5,1.9,1.9,1.5,2.0,1.73
2023-01-15,2023,Nfl - Playoffs - Oitavas De Final,22:15,Cincinnati Bengals,Baltimore Ravens,24.0,17.0,1.25,4.2,40.0,1.91,1.91,-9.5,1.91,1.8
2023-01-15,2023,Nfl - Playoffs - Oitavas De Final,15:00,Buffalo Bills,Miami Dolphins,34.0,31.0,1.1,7.5,44.5,1.9,1.9,-14.5,2.0,1.73
2023-01-15,2023,Nfl - Playoffs - Oitavas De Final,18:30,Minnesota Vikings,New York Giants,24.0,31.0,1.67,2.3,47.5,1.9,1.9,-3.0,1.91,1.8
2023-01-16,2023,Nfl - Playoffs - Oitavas De Final,22:15,Tampa Bay Buccaneers,Dallas Cowboys,14.0,31.0,2.2,1.71,45.5,1.9,1.9,2.5,1.9,1.9
2023-01-21,2023,Nfl - Playoffs - Quartas De Final,22:15,Philadelphia Eagles,New York Giants,38.0,7.0,1.26,4.0,48.0,1.91,1.91,-9.5,2.0,1.73
2023-01-21,2023,Nfl - Playoffs - Quartas De Final,18:30,Kansas City Chiefs,Jacksonville Jaguars,27.0,20.0,1.2,4.75,52.0,1.91,1.91,-10.5,2.0,1.73
2023-01-22,2023,Nfl - Playoffs - Quartas De Final,17:00,Buffalo Bills,Cincinnati Bengals,10.0,27.0,1.4,3.1,48.0,1.87,1.95,-6.5,2.0,1.73
2023-01-22,2023,Nfl - Playoffs - Quartas De Final,20:30,San Francisco 49ers,Dallas Cowboys,19.0,12.0,1.5,2.7,46.5,1.9,1.9,-4.0,2.0,1.8
2023-01-29,2023,Nfl - Playoffs - Semifinais,20:30,Kansas City Chiefs,Cincinnati Bengals,23.0,20.0,1.77,2.1,47.5,1.9,1.9,-2.5,1.9,1.9
2023-01-29,2023,Nfl - Playoffs - Semifinais,17:00,Philadelphia Eagles,San Francisco 49ers,31.0,7.0,1.65,2.35,44.5,1.9,1.9,-3.0,2.0,1.83
2023-02-12,2023,Nfl - Playoffs - Final,20:30,Philadelphia Eagles,Kansas City Chiefs,35.0,38.0,1.83,2.0,51.0,1.96,1.98,-1.0,1.91,1.91
